t,x,y,z
628.3185307179587,0.98784941573006,0.0,0.0
628.2713254061485,0.9878501012402479,6.984761172178361e-7,8.793441152365413e-7
628.1782934320174,0.9878554567806468,6.155318795299188e-6,7.749209991089382e-6
627.9896317903329,0.9878823937016119,3.3602182196127795e-5,4.230280553608751e-5
627.6860696184543,0.9879683444939026,0.00012119029048538841,0.00015255825437451338
627.3421519381446,0.9881195950042758,0.00027539264316522297,0.0003465920648014557
626.9738519960097,0.9883248163033772,0.0004848710574013196,0.000609931377295009
626.5785947600392,0.988562984991998,0.0007286170487588816,0.0009157760326915663
626.1628475712715,0.9887927439039662,0.0009650032612870497,0.001211383294581126
625.726841485786,0.9889674507555254,0.0011468346338676576,0.0014373106057983167
625.2736588435471,0.9890416891227853,0.0012275059032155124,0.0015355111200058857
624.8053384377852,0.9889876783378393,0.0011774908633786466,0.0014700459763472395
624.3251802275884,0.9888074283068207,0.0009970150478804502,0.0012424704483549515
623.8353258428928,0.988537116253246,0.0007214038658644679,0.0008977031322669718
623.3363476806089,0.9882396880415879,0.0004143950992541583,0.0005151726184773603
622.8260910316609,0.987989726670765,0.00015295056193961938,0.00019005983681725868
622.3019141543004,0.9878578077515967,1.0920836439092983e-5,1.3570481891130653e-5
621.7728812124627,0.9878891704858462,3.676791036151557e-5,4.5676266244927365e-5
621.2523337333133,0.9880728889240237,0.00022122744878233462,0.00027478425794550754
620.735885111505,0.9883556530277634,0.000510977260072109,0.0006342777835086248
620.2225987689249,0.9886605152355059,0.0008280238016480867,0.001026613314216309
619.7086289709116,0.9889079244799445,0.001090788232530268,0.0013500949059520886
619.1918727451541,0.9890314366866725,0.0012295820860640746,0.0015187420449919301
618.6711529853081,0.9889952034334448,0.0012043916582617116,0.0014844053130849228
618.1479587476111,0.9888066785977125,0.0010187988582298778,0.001253197761524927
617.6231388777096,0.9885170608429554,0.0007222966494036208,0.0008871385911122796
617.095879115484,0.9882059199831046,0.00039594643626854434,0.00048586360676306607
616.5621915908724,0.9879590989546432,0.0001298238138657397,0.00015925864239141864
616.0184964506311,0.9878503921133193,3.4363911661424195e-6,4.2213675781607294e-6
615.4765722533742,0.9879169385013091,5.964784037207094e-5,7.310744001602816e-5
614.9464515584443,0.9881324652790374,0.00027514690830516273,0.00033722693372296466
614.4224193748969,0.988432026413693,0.0005850383919833353,0.0007165462120039753
613.9026791120231,0.9887321036771753,0.0009037895778716148,0.0011055332272214818
613.3828994545514,0.9889528503023716,0.001147693644170404,0.001401378913377379
612.860847596344,0.9890337668347066,0.0012506613536448124,0.001523921749335922
612.3357504887313,0.9889504517262178,0.0011819528421674835,0.0014371744044578887
611.8092070896305,0.9887246667553867,0.0009583040881648089,0.0011631240462169018
611.2817655679783,0.9884193059573478,0.0006412184570474483,0.0007772693769282479
610.7514897139056,0.9881188639591532,0.0003181620000006906,0.00038542583349664047
610.2137915623138,0.9879076774943036,7.979512989635412e-5,9.66845611794789e-5
609.6670636729825,0.9878518182635926,2.8330982641409415e-7,3.3140573774764514e-7
609.1280795156819,0.9879696841547277,0.00010569664676260038,0.0001278205400015645
608.5991817040232,0.9882193319670853,0.0003573403230339336,0.00043215652502162
608.076350935863,0.9885275891907837,0.0006815832331855409,0.0008236706154560616
607.5564949760434,0.9888101836042987,0.0009906987575344617,0.001195595709677008
607.0359294396012,0.9889915428095439,0.0012030777915977692,0.00144924410343756
606.5125670793365,0.9890211267021265,0.0012601998197790268,0.001514934877144721
605.9866736347901,0.988888539144018,0.0011434917038243518,0.001371923497573414
605.459645901514,0.988629902051303,0.0008836297923657142,0.0010584640013343875
604.9316642782975,0.9883174493028594,0.0005525223869369515,0.0006611909013117868
604.3997181363569,0.9880375023649719,0.00024144609860118313,0.0002888691795720852
603.8589963693491,0.9878702787020548,3.931133725275538e-5,4.709632116464944e-5
603.3120542110553,0.9878708163501771,1.1778897679835333e-5,1.399737233804067e-5
602.777042377932,0.9880364177522833,0.0001650747641647467,0.0001969848371328936
602.2498455172503,0.9883130636270622,0.0004480602653989088,0.0005347102029610963
601.7284987236555,0.9886213118496253,0.0007797556227300709,0.0009298080059886246
601.2086418102101,0.9888784277592492,0.001072088419575232,0.0012765805022284546
600.6874121780594,0.9890149867579408,0.0012471310630622903,0.0014822840341298586
600.1630027657245,0.9889919659356361,0.0012555400657258422,0.0014893279879088493
599.6366827990234,0.9888137714724724,0.0010921659642465318,0.001293208185160651
599.1094187933452,0.9885297387182855,0.0008012182705075505,0.0009474528301548316
598.5808138157513,0.9882190783391384,0.00046329808832883525,0.0005475174051573968
598.0468784184551,0.9879677560193297,0.0001717089316674713,0.00020300106321110217
597.5031261822812,0.987850070072996,1.2057954340516425e-5,1.4327135747190054e-5
596.9582741460637,0.9879065335477856,3.8025325350802475e-5,4.465227045826396e-5
596.4264443974075,0.9881142238566342,0.0002358654672872723,0.00027776172936199014
595.9010786529878,0.9884095784905751,0.0005440693083960687,0.0006407523477464838
595.380751381289,0.9887094464719437,0.0008763113554694434,0.001031165420438228
594.8607104084833,0.9889340789106059,0.0011452198175535592,0.00134563884913722
594.3386116543618,0.9890220459385298,0.0012782303778457798,0.0014992164068005883
593.8133290224446,0.9889470525057774,0.0012365610086134226,0.0014476569520155778
593.2865713769827,0.9887284384968057,0.0010292485494473817,0.001203067158796038
592.7591672850674,0.988427276554166,0.0007133110722925208,0.0008329498352695591
592.2295594897184,0.9881271379926152,0.00037599153480653814,0.000438988069636717
591.6932036043754,0.9879118491257439,0.00011116902791577502,0.00012997719630497575
591.1468996450117,0.9878478416963385,-5.850976834344955e-7,-6.695863673101032e-7
590.6058642972525,0.9879574195941202,7.839445370917042e-5,9.090420065665234e-5
590.0763125501701,0.9882007260347009,0.00031666839387803515,0.000368055945844595
589.5528498104835,0.9885061382140131,0.0006434075691162952,0.0007478481521732739
589.0330117249132,0.9887895885597694,0.0009692529127823148,0.00112560109743556
588.5126139223904,0.9889755728535622,0.001208427756238912,0.0014013212918900435
587.9894664328161,0.9890124076588314,0.0012954591861256027,0.0014996435525419488
587.4635031237464,0.9888875729507325,0.0012035019475150654,0.0013908552495526057
586.9364723390489,0.9886349551473662,0.0009561552823927856,0.001103585511099847
586.4088002909638,0.9883252813988158,0.0006219082271393266,0.0007173783966325877
585.8778425093599,0.988044186502696,0.00029281658126375853,0.00033793068161803807
585.3386313942337,0.9878715232749026,6.175417900222638e-5,7.150920728112828e-5
584.7911766310755,0.9878635388724732,2.1340479986774943e-6,2.289549326575958e-6
584.2544909154299,0.9880217010785194,0.00013207304305664272,0.00015121562362280626
583.7267181272153,0.9882933095736892,0.0004058127132083277,0.0004655671504454799
583.2049599034989,0.9886001440187847,0.0007441479065392417,0.000853729920332331
582.6852279601646,0.9888595131533072,0.0010565858571556187,0.001211097254558924
582.1642507491035,0.9890016952435886,0.0012602066757964345,0.0014424458734381578
581.6400190902664,0.988986211837535,0.0012981830817624552,0.0014835146815193373
581.1136245915245,0.9888151694878191,0.0011569827871657987,0.0013202372125660639
580.5864264022014,0.9885359278103906,0.000874539818468491,0.0009970018655018071
580.0583038080925,0.9882265541248402,0.0005291786005463839,0.0006032234887442009
579.5255814074285,0.9879725644079824,0.0002159533118711627,0.0002465148716035798
578.9832488682014,0.9878481391379915,2.524060066277589e-5,2.905162804882653e-5
578.4368730551485,0.9878962161934202,2.023333887796638e-5,2.2545586021303134e-5
577.9039343964304,0.9880973351505367,0.00019801141675055176,0.00022385543476870725
577.3779129630451,0.9883891152931902,0.0005013020954397377,0.000567742863988891
576.8574071047725,0.9886889772774305,0.0008441918552103992,0.0009560578362233415
576.3375322695601,0.9889171955728576,0.0011363036166877271,0.001285736217692582
575.8157115938875,0.9890115992131708,0.0012992061903983987,0.0014680752385042007
575.2905153186057,0.9889441315108923,0.001286145887461192,0.0014512088816542232
574.7637200639409,0.9887318356813977,0.001097948292202223,0.0012374073010026918
574.2364395554852,0.9884340920772771,0.0007862655132858965,0.0008856671773711062
573.7075320892959,0.9881337448644394,0.0004372830701220936,0.0004928303695821932
573.1725962851614,0.987914319735968,0.00014747467285466796,0.00016668100091831714
572.6272630040953,0.9878425463956816,3.122446101723074e-6,3.6723413312350394e-6
572.0841710443786,0.9879443533743876,5.3186014547138805e-5,5.886009871910242e-5
571.5539270875148,0.9881820996592479,0.0002749825249450304,0.0003069784580444446
571.0298023521506,0.9884854406478857,0.0006011998857683056,0.0006722278687658314
570.5099972644543,0.988770275500457,0.0009415548211654991,0.0010527450177036388
569.98978680889,0.9889610487594257,0.0012066697556454811,0.0013480081462870482
569.4669451371552,0.9890049024407858,0.0013243747016310813,0.0014776575233683864
568.9409624345091,0.9888872851932038,0.001259454177643214,0.0014034851409188548
568.413909102403,0.9886399249355947,0.0010277137516617415,0.0011442912626383982
567.8864761656916,0.9883322284152968,0.0006933506060437307,0.0007719774901300764
567.3564191824042,0.9880494156172106,0.0003484729344451637,0.00038852430418133795
566.8187826027541,0.9878712309230963,8.939875245710659e-5,0.0001002137757393886
566.2713984849256,0.9878549241568588,-3.5148076813098726e-6,-4.062467367040972e-6
565.7327492159575,0.988006190888466,0.0001002334876203394,0.00010979704608044486
565.2044258153846,0.9882734872925004,0.0003614471288429683,0.00039848498938544326
564.6821399765062,0.9885797126372635,0.0007035917134060653,0.000776812854835312
564.1625409624957,0.9888418504558331,0.001034259624229749,0.0011418255646716904
563.6418086298298,0.9889898172299939,0.001266096117265903,0.001396650756105184
563.117827318272,0.9889816433647955,0.001334928369048668,0.0014709655036249576
562.5913241031811,0.9888171839899756,0.0012185430045325778,0.0013414189049942614
562.0641457194178,0.9885419470887784,0.0009478035140481103,0.0010429371917449251
561.5364086905881,0.988233061829938,0.0005978860613307396,0.000658282216912734
561.0048203238691,0.9879758993025487,0.0002649496444558489,0.00029245970914502304
560.4640762217101,0.9878447186263766,4.360692965443019e-5,4.86634351535771e-5
559.9166191187155,0.9878845683608398,5.715766950297471e-6,5.625057215501999e-6
559.382256069779,0.9880797669388273,0.00016043683981213638,0.00017379217799864298
558.8556127547408,0.9883687174069404,0.00045551151201439895,0.0004959918818079576
558.33482394091,0.9886693585680626,0.0008064161400537229,0.0008792424949321969
557.8151170374783,0.9889016353252077,0.0011202240775922319,0.00122132550403909
557.293612417673,0.9890025712635231,0.0013130993538784936,0.0014305857682771384
556.7685578531093,0.988942356398752,0.0013303987284785349,0.0014481262813412792
556.2416777923087,0.9887357547987701,0.001164227401886782,0.001266436272408141
555.7144614747225,0.9884406136609789,0.0008600294413356158,0.0009355936045464407
555.1861293772071,0.9881392690068084,0.0005020705924099754,0.0005469266348875885
554.6525485509842,0.9879152832766166,0.00018886039163702132,0.0002066274603214678
554.1085656181207,0.9878357730782165,1.1792074083392658e-5,1.3305399266193328e-5
553.5635049323063,0.9879300313584515,3.0494107523448888e-5,3.176077012964539e-5
553.0323767423143,0.9881629264483522,0.0002326690165465509,0.0002491534163670269
552.5075605125671,0.9884650012871897,0.0005551563597720419,0.0005970985717651522
551.9876932492912,0.9887519707258025,0.0009076240868555201,0.0009773917154060087
551.4676858818472,0.9889479318478089,0.001197547069866098,0.0012895709205870685
550.9451645023206,0.9889988145540518,0.0013464514973784974,0.0014490666739525166
550.4192063763826,0.9888880518774009,0.0013107041933710637,0.00140967124380526
549.8920950470634,0.9886452556928992,0.0010976705110085421,0.0011802559688741865
549.3648114994221,0.9883386792913033,0.0007663621787293256,0.0008245597033609855
548.8355596248905,0.988053422932978,0.00040818046028516123,0.00044022168699011754
548.2994695730109,0.9878693990367835,0.00012231421714594093,0.00013288380813462327
547.7527514029143,0.9878447983820472,-4.6617232524316444e-6,-4.969633369180501e-6
547.2119066364438,0.987989545764406,7.012761173492861e-5,7.301852470351199e-5
546.6830063643574,0.9882532404576979,0.0003155068891049777,0.0003339547067332769
546.1600949830097,0.9885597177936096,0.0006584119255926393,0.0006995767854936486
545.6406048050254,0.9888253040887557,0.0010051540823406199,0.001069232552968293
545.1201230882416,0.9889794027532098,0.001264504554931596,0.0013451646902046292
544.5964293845999,0.9889784859371261,0.0013651920353328093,0.0014516687607517658
544.069850057546,0.9888201864504579,0.0012761427966323199,0.0013565011969496892
543.5426101193144,0.9885481852337882,0.0010203341876567403,0.0010848183041088416
543.0151506698783,0.9882389123036212,0.0006689299006875034,0.000712182447281377
542.4845726279482,0.987977895829367,0.0003184787059077896,0.00034035199191920283
541.9455148708025,0.9878397514937874,6.73265263183455e-5,7.290158561778067e-5
541.3975607796224,0.9878713698655908,-4.958443398001638e-6,-5.926457300123956e-6
540.8613961984753,0.9880611988119871,0.00012376443047591227,0.00012796685404881274
540.3341774712048,0.9883480522911652,0.000407225948157569,0.0004260454595112428
539.8129686630391,0.9886503637557434,0.0007632980339255463,0.0008012987624262571
539.2934484514844,0.988887316366464,0.0010969534577263387,0.0011528511699755676
538.772258191934,0.9889950622981865,0.0013195406089445076,0.0013869590775359567
538.2473895229133,0.9889419711134902,0.0013686587349242242,0.0014382990360159
537.7204245176199,0.9887405478141604,0.0012273292556183478,0.0012897955266584576
537.1931896705464,0.9884471824678304,0.0009339114625624814,0.0009822011744429187
536.6653410928485,0.9881439778420017,0.0005699115768033658,0.0006007437213557921
536.1330192342456,0.9879148283862329,0.00023519793639816138,0.0002493673781764501
535.5906631567772,0.9878274357845,2.573713970964151e-5,2.8097028820467076e-5
535.0439370111653,0.9879141785249481,1.0904450710782302e-5,9.837134500812363e-6
534.5116442235048,0.9881428715538203,0.0001903558053942236,0.00019503748519261355
533.9861391915045,0.9884444852584895,0.0005057471191793801,0.0005230096120638476
533.4661148377693,0.9887344512173346,0.0008676688785541802,0.0009000709585730323
532.9463218242145,0.9889361751101,0.0011809305928137523,0.0012263911865030993
532.424169131743,0.9889942906997938,0.0013612234290736305,0.0014139932123407419
531.898280085259,0.9888901878865216,0.0013565675310112928,0.001409256041011689
531.3710270213905,0.9886513250990284,0.0011652790682211767,0.0012110812490091737
530.8438113798727,0.9883449957177843,0.000840326366154695,0.0008746125333353348
530.3152332545374,0.9880564344500504,0.0004715552481310417,0.0004924851005127126
529.7806338508618,0.9878660683735058,0.00016046480513127697,0.00016911427417501236
529.2350834461014,0.987833050713473,-8.516343389903383e-7,-4.170109234500446e-7
528.6919660963571,0.9879714727326809,4.236851757366132e-5,4.1173019162534664e-5
528.162369479061,0.9882322646392052,0.00026865203607645533,0.00027252991237181436
527.6387525364705,0.9885398880108442,0.0006090847980505724,0.0006226433996973657
527.1193288841139,0.9888097293966593,0.0009694583458428016,0.000993891233149648
526.5990880256174,0.9889704687413199,0.0012552538015924322,0.0012883566809170678
526.075763372191,0.9889769180303939,0.001388431566031573,0.0014256702503892829
525.5491253432643,0.9888244755031769,0.0013290216100599248,0.0013652124916696665
525.021803625482,0.9885550234446007,0.0010913884168668613,0.0011221906011844303
524.4945236431201,0.9882444463913379,0.0007417386176426115,0.0007643890080967641
523.9648606419053,0.9879787657789416,0.00037627087585323754,0.000389707867546907
523.4274953406873,0.9878332366045254,9.648413422053175e-5,0.00010143940084296119
522.8797372899647,0.9878564401543888,-1.123193873307922e-5,-1.1968329715716524e-5
522.3414181062577,0.9880412773032765,8.859926031140104e-5,8.67056547852156e-5
521.813666181907,0.9883267233488822,0.0003569873701154767,0.00035840154949209484
521.2919021235942,0.9886316648390959,0.0007151566550600187,0.0007227511875502365
520.7725732920361,0.9888740750594213,0.001066503478575737,0.0010807584076678836
520.2516946272319,0.9889891151611706,0.001318200268821728,0.0013374362519367512
519.727128250211,0.9889432357034595,0.0014003131504457616,0.0014216917208843911
519.2000652187975,0.988746626653263,0.0012865364929612036,0.0013072165120004274
518.6727374304503,0.9884542615630858,0.0010072754514137549,0.0010250827884014896
518.1452478803288,0.9881482386177541,0.000640359143831987,0.0006538039011211233
517.6140586460184,0.9879131335154783,0.0002863269954382545,0.0002944649116030371
517.0734850895178,0.987817497348283,4.519175183531754e-5,4.783942931491127e-5
516.5256279306907,0.9878965240170917,-5.003600445431295e-6,-6.719858025620648e-6
515.9918074741064,0.988121544835947,0.00014864876269320867,0.0001450091201900249
515.4656660333183,0.9884234546680427,0.0004534231690829883,0.0004504312458274467
514.9453662813852,0.9887173933609152,0.0008219049754650563,0.000821268140966744
514.4258097645652,0.9889256412586456,0.0011567045626391518,0.0011588328476787512
513.904034829424,0.9889914255441443,0.0013682592977004358,0.0013725940650632835
513.3783404141046,0.9888940176771369,0.0013963825586375453,0.0014021338491565637
512.8509169891862,0.9886586330336837,0.001229875192117963,0.0012365035764403361
512.3237166716334,0.9883517154962599,0.0009147362978016507,0.0009217935844271044
511.7956647545227,0.9880588547633151,0.0005383173347518706,0.0005449399068210588
511.2624934599415,0.9878614052348524,0.00020386781369519596,0.00020859342523439785
510.7185040984697,0.9878195906760964,8.328015417848558e-6,9.556370658225956e-6
510.1732447135327,0.9879515782497702,1.749746942958915e-5,1.4443361225329895e-5
509.64273086684096,0.9882100681129616,0.0002214040098724153,0.00021456070722768525
509.11838609960057,0.98851970875147,0.0005559055912362476,0.0005463869072298894
508.59894177205183,0.9887947843381638,0.0009272316142158128,0.0009161888542947149
508.07895871997164,0.9889629108313502,0.0012380878767765716,0.0012264888209790779
507.55603941307487,0.9889771106225785,0.001404128199802332,0.001393047386352172
507.02942325155976,0.9888304782379909,0.00137652616503153,0.0013674289639574837
506.50191126809585,0.9885629730336286,0.0011603052112715993,0.0011547382035973902
505.97473719996185,0.9882501721235499,0.0008158359094641855,0.0008145220695902472
505.44583799479193,0.987978837546267,0.000438074022705908,0.00044011130062722963
504.91013298586404,0.9878252585453868,0.0001311524314897558,0.00013396764059954934
504.3632140512543,0.9878396422000328,-1.2569064193799872e-5,-1.2407057245320463e-5
503.8224988808824,0.9880196109613328,5.552657388592999e-5,5.027406067893549e-5
503.2941730455819,0.9883042906470086,0.00030536689391561146,0.00029353163193756454
502.77174176754255,0.9886128518564105,0.0006623339247667609,0.0006440943921592391
502.2525755766009,0.9888616686868602,0.0010289309443590427,0.0010054979473986877
501.73200068561295,0.9889847067540064,0.0013087909550475389,0.001282286223991736
501.20781291905365,0.9889463448329446,0.0014247585864063802,0.0013982940647408112
500.68061282305536,0.9887543458725089,0.0013410765092900393,0.0013184146052774488
500.15318786286826,0.988462319332542,0.0010794186478613338,0.0010638140839902127
499.62591213526497,0.988152460741239,0.00071289282927931,0.0007056088279178437
499.09576044025766,0.9879104592391257,0.0003420460162412797,0.00034148678924705953
498.557018878297,0.9878059824659864,7.031994030277427e-5,7.22697758610297e-5
498.00875321204376,0.9878768390224888,-1.6632566216986396e-5,-1.773021573056732e-5
497.4729970284085,0.9880985341329904,0.00010816062599958359,9.940802876289646e-5
496.9462811858039,0.9884014315943914,0.0003986858435063752,0.0003798339645533863
496.4255471335127,0.9887004171456364,0.0007706145706371106,0.0007414877836299974
495.9062336066414,0.9889161302271638,0.0011248259951480968,0.0010873025243397047
495.3848389705784,0.9889902506763911,0.0013671689993097632,0.0013250618929238414
494.8593987051945,0.9888997771095832,0.0014294639204308485,0.0013881984522867267
494.33183630746555,0.9886675990993287,0.0012906853334625613,0.0012561875291065981
493.80453978955563,0.9883592745874578,0.0009888743573285058,0.0009655933804116313
493.27693117626234,0.9880610809572069,0.0006080332575453841,0.0005970990369278049
492.74504305062567,0.9878556010907121,0.00025238032372204447,0.00025087979920815795
492.2028833369551,0.987804414223935,2.3198554451627945e-5,2.4815061492525988e-5
491.65587741159976,0.987929579717428,-3.85510347463279e-6,-6.9271265463037685e-6
491.12412123780916,0.9881862596372513,0.00017443274528810976,0.00016050107998454683
490.5990641374477,0.9884987419120587,0.0004993730826734951,0.000471343306897531
490.07947499153653,0.988780146264709,0.0008787207668689928,0.0008366618351573703
489.5597732024357,0.9889565859512751,0.0012128848823926325,0.0011599368879831144
489.0372892810239,0.9889791465105678,0.0014117990968581715,0.0013539162504613903
488.51077412477815,0.9888384863140335,0.0014179126643679516,0.0013629618001736224
487.9830226703336,0.9885724964058179,0.00122632575896398,0.001182089733437178
487.45587262831003,0.9882565670843303,0.0008905993086103607,0.0008621015245059514
486.9275978377346,0.9879784826332824,0.0005035397753195093,0.0004910943311537418
486.39346347052435,0.9878159670778514,0.00017131156502446672,0.00017011350346984348
485.8479350031501,0.9878209221710104,-8.478300042870597e-6,-7.213520602509716e-6
485.30475948865,0.9879958609418144,2.5181980597289016e-5,1.8951681727222598e-5
484.7757170669106,0.9882803435377592,0.00025303123485262885,0.0002319463547701352
484.2525443335877,0.9885934995307338,0.000605280047215619,0.0005658782899224158
483.7334795572306,0.9888498082451677,0.0009844015515605307,0.0009275857195131632
483.2132209230002,0.9889817453715621,0.0012910951984104178,0.001221828153115226
482.6894572460915,0.9889514341482892,0.001441427824784441,0.001368144127330626
482.1621948950551,0.9887640935822485,0.0013902091289135696,0.0013231758447400778
481.63452372225095,0.9884717798699052,0.0011495323088551073,0.0010979202311621687
481.10739208985586,0.988157099862379,0.0007869264685903268,0.0007556509375619236
480.5781014929019,0.9879070959288511,0.0004020107081092852,0.00038990527306528806
480.0411700981522,0.9877929818034829,0.00010116925897891567,0.00010103312638574079
479.49326370256586,0.9878550162579165,-2.3373178319128172e-5,-2.3033469722599993e-5
478.9551603751961,0.9880735377903188,6.960578747036429e-5,5.8627468538075125e-5
478.4279161361317,0.988378037964554,0.0003422343502824613,0.0003118255603629325
477.9065961142205,0.9886831704594488,0.0007142683592386161,0.0006613648996271572
477.3875245338964,0.9889074149556278,0.0010854180665127325,0.001012331526273361
476.86650752538543,0.9889907262221719,0.0013576673498245436,0.0012716813038151425
476.3414182464111,0.9889076403434588,0.0014551549576750189,0.0013673947146943689
475.8137380311808,0.9886785668504053,0.0013468639797130262,0.0012697742623949018
475.28628160965314,0.9883681266920294,0.0010619632303878281,0.0010055044397769427
474.7589797403425,0.9880635014677717,0.0006801040025282346,0.0006483695677542047
474.2282495119393,0.9878489103096754,0.0003057556782189606,0.00029547540988745575
473.6880483315178,0.9877875827406268,4.396031997747253e-5,4.5112499681126355e-5
473.1399584053368,0.9879052574224663,-2.103646514719407e-5,-2.2708505429897235e-5
472.6065412099045,0.9881604697631176,0.00012845283391100577,0.00011079344878116591
472.08084673992556,0.9884765190198569,0.00044005755047336686,0.0003980606814933862
471.56096454179993,0.9887654289338501,0.0008242477612528246,0.0007558669734645185
471.0415544334615,0.9889512798335977,0.001179606554372916,0.0010891264617861251
470.5195313575226,0.988983040065939,0.0014110181331873368,0.0013084465614494828
469.99322316105236,0.9888487566432976,0.001452451190260979,0.0013516660985542985
469.4652456343316,0.9885840639002339,0.0012886634447315099,0.001203892800538151
468.9380216567094,0.9882641516224021,0.000965353779072343,0.000906649993988091
468.4102492636641,0.9879781460788757,0.0005722646030222725,0.0005421834882114949
467.8775560656151,0.9878055947572688,0.0002168833034144307,0.00020948219556125893
467.33382406750496,0.9878002959444455,1.4546816318483844e-6,3.5541467804106385e-6
466.7883859373839,0.9879696966936574,-1.7901581872663362e-6,-7.0090673538347095e-6
466.2583761548308,0.9882544307508138,0.00020065609612831607,0.00017410796181049405
465.73443683697786,0.9885730979149012,0.0005444619870272493,0.0004886140147092522
465.21537575834265,0.9888381105902851,0.0009331144001056618,0.0008475224336942972
464.69543970470806,0.9889800580234531,0.0012649444833558014,0.0011564045334371486
464.1721770024767,0.9889585972421255,0.001449785956998271,0.0013313176035051613
463.64492585511505,0.9887762170192523,0.0014331727105535842,0.0013212973256781974
463.11698340344543,0.9884832284461061,0.0012169218901203452,0.0011270857309039256
462.5898907616531,0.9881627389428957,0.0008619192851520783,0.0008035172251101242
462.06133518745605,0.9879035030167633,0.0004659885976890626,0.0004393482063609027
461.52612846497084,0.9877786764499239,0.00013781418387896554,0.00013383082634441573
460.9793067127606,0.9878309593829875,-2.4650093809611947e-5,-2.252657305152322e-5
460.43861278097086,0.9880460901985789,3.3578012192109704e-5,2.2905168115077e-5
459.91078590850566,0.9883527073806165,0.00028463790837135293,0.0002468301122409881
459.38876042789985,0.9886650867642889,0.0006531824067176947,0.0005813302022447844
458.8698985503822,0.9888991087484359,0.001038507194466893,0.0009343150061008939
458.34927370104464,0.9889927372022785,0.0013394309352727893,0.0012126824534935334
457.8246341300811,0.9889178067861328,0.0014728357110774977,0.0013397167392976952
457.29682329706947,0.9886919890747876,0.0013976544622658928,0.0012770308037721584
456.7691272381108,0.988378855435791,0.0011332984161108303,0.001041141498022574
456.24202001374374,0.988066690782515,0.0007540534515079625,0.0006983319699340463
455.712287366947,0.9878417175455548,0.00036379360630944276,0.0003419723876550009
455.1740491361908,0.9877692170247934,7.077053912326151e-5,7.018034862063505e-5
454.6257063363757,0.9878784080559562,-3.3395028891192845e-5,-3.2703318107464315e-5
454.0901747926724,0.9881322414815985,8.412144175416736e-5,6.57781296939042e-5
453.5639124118389,0.9884524705305361,0.0003785136965010458,0.0003270179291432754
453.04357591453584,0.9887501221659649,0.0007641151752130426,0.0006742919518223106
452.5244757564196,0.9889466647234595,0.0011382021053687596,0.0010144375192510313
452.0029217507317,0.9889887418022646,0.001401377726333532,0.0012568185620532933
451.47692619833015,0.988861535570512,0.00147943569792476,0.0013334432109177888
450.94877348361643,0.9885981825027427,0.0013465323731228888,0.001219836701025139
450.421395145993,0.9882735497110855,0.0010394469305878928,0.0009477599136072436
449.8939962548568,0.9879783843842107,0.0006438484269588574,0.0005929534795542889
449.36261708215557,0.987794484601547,0.00026779968306337896,0.0002517228057835141
448.8209076181617,0.9877778408045391,1.7580805227806346e-5,1.9775763399445163e-5
448.2737326837436,0.9879407661023347,-2.4734062643029856e-5,-2.737521480868565e-5
447.74236364972944,0.9882260238150572,0.0001488928306813621,0.00012040762933699017
447.21770472614025,0.9885510000191162,0.0004803015171723351,0.0004127242288045063
446.69848995143684,0.9888260626581182,0.0008752424565002779,0.0007657417911926003
446.17889068360074,0.9889793649574901,0.001230151492002612,0.001086316085007067
445.65614971904887,0.9889678600293298,0.0014493138099428665,0.0012879074031141358
445.12903443118915,0.988791069806578,0.0014692138044175532,0.001312611427218569
444.6007919295217,0.9884972432539656,0.001280824692021343,0.0011509679969414442
444.07365059276293,0.988170031944013,0.0009372961134273983,0.0008488034754583436
443.5456665800278,0.9879002064249301,0.0005336639656876146,0.0004894005937326832
443.0120792592334,0.9877633442108044,0.0001802848106773526,0.00017034677672851038
442.46689994860355,0.9878046910809611,-1.9920888687949682e-5,-1.6159424585250705e-5
441.9236065375125,0.9880158001249594,7.557692618547256e-7,-7.4736308657100495e-6
441.3950238133136,0.9883249128038653,0.00022658470073787663,0.00018533453262006193
440.87221227712166,0.9886455816427429,0.0005877982616732227,0.000501888752687505
440.3534790083405,0.9888907680478253,0.000984243456274514,0.0008537282330566637
439.8332328829257,0.9889960751612978,0.0013122299630112977,0.0011483678464222838
439.3091162198618,0.9889303476915174,0.0014818948247037234,0.0013051786295821015
438.78123314208887,0.9887082487649211,0.0014422432454827326,0.001277703991780318
438.2532046704444,0.9883920211139138,0.001202080833914121,0.0010720762718215797
437.72617558125995,0.9880712355368682,0.0008292761234282665,0.0007464913906848761
437.1972613676656,0.9878344726790086,0.00042618658524841977,0.00038990258999592735
436.6609213392571,0.9877495276076191,0.00010370405889551807,9.969487813204157e-5
436.1131860339446,0.9878489635144806,-4.026007554586421e-5,-3.672910711893497e-5
435.575127924614,0.988101191068795,4.217174055560488e-5,2.5822831907349693e-5
435.0483245873525,0.9884260748481217,0.00031544699364714307,0.00025877925863052514
434.52736336138855,0.9887337070847415,0.0006987861817036689,0.0005925232126513694
434.00855154655244,0.988942361231866,0.0010887913808903804,0.000936373353315927
433.48745686149215,0.9889960973685579,0.0013825733853421868,0.0011992984310545427
432.9618965190521,0.9888769444923051,0.0014981591660982883,0.0013082153616600749
432.4335906790424,0.9886152113297134,0.0013990146601026918,0.001229533539562415
431.9059146971977,0.9882852312800143,0.0011119594995367148,0.0009848324594766127
431.3787721837502,0.9879796916397723,0.0007176122191535078,0.0006427726845040553
430.848510442342,0.9877830022806399,0.000323713325525007,0.0002962642584221191
430.3089032521179,0.9877537637298063,4.006512574033976e-5,4.11637005612996e-5
429.76077932554995,0.9879089534201817,-4.289191923006135e-5,-4.186068201953573e-5
429.2275745644963,0.9881948039862365,9.86038931231861e-5,7.137450474440045e-5
428.7022723318414,0.98852673685779,0.0004135629186613652,0.0003388906184552185
428.1827372123058,0.9888132099894552,0.000811270022494781,0.0006829144027777891
427.66349880416954,0.9889793330716066,0.0011867672068002458,0.001012054897656563
427.14129706625664,0.9889791096955297,0.001439593999974048,0.001238100565584044
426.61444552479287,0.9888088010577173,0.0014975131028455038,0.001296922238873567
426.0859315809623,0.9885142402547332,0.0013402948615230052,0.0011691049807624056
425.5586397310176,0.9881795099688944,0.0010122063209509224,0.0008909055767403636
425.03108940143983,0.9878977251414713,0.0006044914167685117,0.0005394829815821578
424.49897319348014,0.9877473383101599,0.00022841807652726226,0.00021011742507787728
423.95580361977005,0.9877763867031253,-8.76886263326925e-6,-4.0139655139994605e-6
423.41022588673485,0.9879824192350083,-2.8093610240558626e-5,-3.2183801115322964e-5
422.8805706462667,0.9882942528294699,0.00016893348496304527,0.0001279199416344214
422.356969774483,0.9886241103473989,0.0005187557777290037,0.00042367066487300405
421.8382345277363,0.9888819241114086,0.0009229765700132433,0.0007711808998019195
421.31838715042596,0.9890004405976455,0.0012759570882469738,0.0010791281485644606
420.79482772082014,0.9889452189176539,0.001481784657126915,0.0012638615670446866
420.2669992846221,0.9887276183964,0.0014797693091732596,0.0012715340007364573
419.7386067150448,0.988408160632984,0.0012674353330719645,0.0010978602632929456
419.2115503940977,0.988077759345051,0.0009050781348921836,0.0007923236755608554
418.68330490822353,0.9878277175790076,0.0004925721745822373,0.0004387911805261946
418.14875038810993,0.9877288200250042,0.00014277484344621153,0.0001333033694442683
417.60237525816603,0.9878169774064858,-4.099998908135178e-5,-3.466938348696369e-5
417.0615670183821,0.9880669444015829,3.3486189731591343e-6,-8.736313859794315e-6
416.5341528816048,0.9883967988101691,0.00025162617989976535,0.00019390595570840688
416.01243449370344,0.9887155831559115,0.0006287683632697006,0.0005111318674603336
415.49387588133766,0.9889378852195224,0.001031535716543949,0.0008554317849638832
414.9732335351355,0.9890048651936014,0.00135434337968766,0.0011361734469977416
414.4482192689437,0.988895051167901,0.0015079543792496837,0.0012759569969412437
413.91982451183264,0.9886355511212525,0.0014452363098343488,0.0012326771544036586
413.39177959718353,0.9882998463706372,0.0011821066606780594,0.001017443492527095
412.8647812450174,0.9879827466744426,0.0007930021691476165,0.000691176332488358
412.33546096743464,0.9877716709470145,0.0003844081580422225,0.00034270059842854807
411.7979302050519,0.9877283067334158,6.906908544144722e-5,6.744999340980382e-5
411.2498151376109,0.9878740934881934,-5.553558671858226e-5,-5.0238248968577e-5
410.7142908632938,0.9881602502176215,5.049676054685196e-5,2.7352566997581388e-5
410.1884183260881,0.9884996019540848,0.00034483356058524203,0.00026758008423310406
409.6683877209917,0.9887988762201901,0.0007415031318949513,0.0005994988253509456
409.14952150086305,0.9889794840616508,0.0011347354903428757,0.000933981456514963
408.6278718375611,0.9889921942905291,0.0014201878694080337,0.0011820555719711113
408.10140507022373,0.9888296329387246,0.0015173154406685526,0.0012741132763825459
407.5726469297308,0.988534768880853,0.0013944801768927923,0.0011811610799991423
407.0450572257768,0.9881918655074957,0.0010858975901910262,0.0009293606570479754
406.5178425161141,0.9878967499767547,0.0006780260259545072,0.0005891533232724733
405.9869853416487,0.9877311298911516,0.0002820837051754193,0.00025274654073921565
405.4460152508156,0.9877462588784885,9.143549327777572e-6,1.375876760127727e-5
404.8988133981831,0.9879456423577262,-5.222074301866752e-5,-5.095019005161873e-5
404.367635106728,0.9882601777704466,0.00011243807328841503,7.502076342986331e-5
403.84330661562404,0.9885999415570231,0.00044658726621201643,0.0003471583536361204
403.324406621953,0.9888719309018416,0.0008549478816470984,0.0006871385977312341
402.8049606830596,0.9890054197508673,0.0012304693745093464,0.0010052948128541348
402.28203105735906,0.9889623599913361,0.001471959332550087,0.0012158475330270489
401.7543718919656,0.9887504183920209,0.001509415069650622,0.0012583273399849088
401.22562884782286,0.9884279280374879,0.001328544372226302,0.0011181359620175645
400.6984422883387,0.9880870409746219,0.0009808366221892495,0.0008354106296850045
400.1707244338038,0.9878221434598492,0.0005626451768607287,0.0004882509167184451
399.63779154741496,0.9877075110164732,0.00018801548939032566,0.00017069585571183457
399.0933281015876,0.987782584128135,-3.503785147565548e-5,-2.6477285609326002e-5
398.5498601108612,0.9880290731303444,-3.160875876603724e-5,-3.760168860264383e-5
398.0216071945627,0.9883640226948369,0.00018780234746703796,0.00013289054337352097
397.49907716977043,0.9886949967845136,0.0005545158695261623,0.00043059527230115643
396.980652861484,0.988932627686775,0.0009666044889075461,0.000772077869120869
396.46047277056607,0.9890146980796183,0.001316432416491222,0.001067718180005033
395.93608283258226,0.9889158621084942,0.0015081744657236048,0.001236670722703352
395.40763898320813,0.9886595662970658,0.0014843068456693758,0.0012289824967598743
394.87920047520123,0.9883180566860867,0.0012490391191410572,0.0010451550919571082
394.3522076671519,0.9879882792610772,0.0008693705958563029,0.000737661202597719
393.8236601500504,0.9877611087771131,0.00044958173784145954,0.0003905847484093056
393.2880862026567,0.9877018272549585,0.00010467432681763312,9.831534589816928e-5
392.7409045288198,0.9878362275621901,-6.191114513515393e-5,-5.229662808439607e-5
392.2026812359099,0.9881219575870714,5.393834008272536e-6,-1.1257497986493175e-5
391.67625011399906,0.9884689773166566,0.0002749133142560955,0.0001993914204759038
391.1555413617626,0.9887823905468546,0.000666469461911202,0.0005161002447253473
390.6370087681747,0.9889792678716618,0.0010742131565523363,0.0008526100313957844
390.1158899141394,0.9890068065740166,0.0013907876437360656,0.0011200386512695978
389.58998740310454,0.9888536120501383,0.001527849730374089,0.0012440777752074804
389.0610502198047,0.9885592516536589,0.0014424111345142689,0.001186741190473627
388.5330720269377,0.9882077922228084,0.0011575158083237732,0.0009636640862574956
388.0060465760086,0.9878979958335495,0.000753647624201381,0.0006378606561427958
387.47626025306596,0.987715294930464,0.0003410590683986976,0.00029779031139973595
386.93751095399006,0.9877146364753245,3.404618389843107e-5,3.692003052008718e-5
386.38963790028293,0.9879053015717241,-7.07959369122397e-5,-6.346658507228045e-5
385.856405473232,0.9882221832086554,5.7933677172679614e-5,2.7093866160509893e-5
385.3314381753202,0.9885723388693376,0.00037196749329771486,0.00027290981444519396
384.8121694317078,0.9888600789072841,0.000780537881703532,0.0006021455808714471
384.29314020520053,0.9890104802754344,0.0011757104320403722,0.0009272502841500544
383.7708416639,0.988981549683749,0.0014519336848969435,0.0011612735250014178
383.2435369815001,0.9887768461167553,0.0015303184162418944,0.001237880075358816
382.7144562689636,0.9884518805056659,0.0013844506404049074,0.0011324669976787876
382.1869740385809,0.988099797144792,0.0010557066560384029,0.0008751886166047741
381.6596352557072,0.9878184678654015,0.0006358762309652753,0.000537739012450386
381.128124575461,0.9876861338113769,0.00023929705783248855,0.00021144716768282365
380.58587144327544,0.987746109278706,-2.1928266114432306e-5,-1.2237785467468726e-5
380.04021429304197,0.9879873234776495,-6.184254574104984e-5,-6.041591053434537e-5
379.51072500553516,0.9883272589145082,0.00012490638048694887,7.632028550668992e-5
378.9873915701791,0.9886712458855538,0.0004767277151844851,0.0003515493645401844
378.4689433907557,0.9889259282100301,0.0008943691981956916,0.0006869066459092287
377.94922723681475,0.989025121483349,0.0012687418831237134,0.0009943221332073791
377.42550115167137,0.988939205268367,0.0014982337707202284,0.0011904227776971406
376.89715363033207,0.9886875174617566,0.0015152981960132677,0.0012181680279083002
376.36826123560604,0.9883404264488741,0.001311757036109609,0.0010674505896962861
375.8411699041283,0.9879970329083005,0.0009459293790145282,0.0007816531459707829
375.31321700226624,0.9877520096240134,0.0005187870857809389,0.00043938577833633466
374.77943529654164,0.9876748029818723,0.00014685828217633515,0.00013337470453464025
374.2339244008646,0.9877955973912459,-6.133498695091098e-5,-4.7921177436117906e-5
373.6928622806969,0.988079622552899,-3.581813242786887e-5,-4.4048669435447135e-5
373.1657485459803,0.9884343361815824,0.00020476806857487533,0.0001349970366025246
372.644251602336,0.9887630516881326,0.0005868383031879679,0.00043338566768514854
372.1259749703794,0.9889780473882367,0.0010054985222526373,0.0007685301730225082
371.60540772380375,0.9890225279636403,0.0013511680413579447,0.0010523688605835987
371.08012725597246,0.9888806123064692,0.0015284013329357128,0.001206778980238198
370.55114307611586,0.9885879726861184,0.0014830499479954909,0.0011854407554536628
370.0227081994185,0.9882278885665369,0.0012260286748800476,0.0009932165977471156
369.49574650728624,0.9879021992405798,0.0008305770647929694,0.0006849727181307705
368.96684834442647,0.9877004977681392,0.00040496248527361776,0.00034470862532112463
368.43023440179206,0.9876819708452675,6.6034904372775e-5,6.513213445104546e-5
367.8827425313106,0.9878614653651022,-8.295038849115976e-5,-6.944136128802211e-5
367.3469711101807,0.9881798843840945,6.3624978740474976e-6,-1.5368202020336748e-5
366.82143829530196,0.988540636399231,0.0002957798522098491,0.0002015984375010388
366.30160970670613,0.9888456187210528,0.0007003045909291109,0.0005168446150510534
365.782998034018,0.9890149816971686,0.0011117928901789717,0.0008454888344514443
365.2613406711798,0.9890024287998083,0.0014213037481824863,0.0011003412718265855
364.73454720026746,0.9888069188908434,0.0015416045853361446,0.0012100089698129917
364.2051897340241,0.9884804683341145,0.001434092565540654,0.0011403784860236532
363.67730136783507,0.988116783113919,0.0011287756084708935,0.0009110886730592174
363.1502135523002,0.9878175125420613,0.000711682944245814,0.0005867128395205451
362.61991772183313,0.9876653445617116,0.0002964498338176971,0.0002551296322556933
362.0799928317589,0.9877079534996938,-1.3227405899406864e-6,7.882726418559426e-6
361.53299178495735,0.9879414621447368,-8.645918179393457e-5,-7.683011066816054e-5
361.00175070330556,0.9882859218046037,6.382246737179304e-5,2.469127571670031e-5
360.4776918571253,0.9886434646645234,0.00039604631973779396,0.00027453317837431525
359.9590312595199,0.9889169578725007,0.0008151352989699481,0.0006004140655672289
359.4397818966259,0.9890355316682343,0.0012111294841384223,0.0009163126284688402
358.91677767195057,0.9889648753205053,0.001477538778910273,0.001137272071517195
358.3886905407785,0.988719685709003,0.0015372959918564277,0.0011999899607532713
357.8594101736106,0.9883677372813982,0.0013693911255908946,0.0010839554449503218
357.33201766388174,0.9880099263545503,0.001021975219041627,0.0008226891676953379
356.8045252912783,0.9877452578199889,0.0005917088145239437,0.0004887166311633795
356.2723209353609,0.9876478299762107,0.00019567113609890349,0.00017232927995404233
355.7289564062699,0.9877525004022102,-5.319182910616576e-5,-3.7073141813952294e-5
355.18529485242306,0.9880328166434594,-7.228900273361126e-5,-7.067697789327092e-5
354.6571862232816,0.9883949824101506,0.0001352571775167244,7.492666689205772e-5
354.1348472108549,0.9887399606387212,0.0005031670275250318,0.0003518802778000869
353.61668425408817,0.9889750231639827,0.0009288159807345743,0.0006822271153961759
353.09665254392337,0.9890388247320682,0.0013011082365037374,0.00097934821873966
352.5721004485169,0.9889105279441752,0.001518282099766215,0.001162207334189931
352.0431490140512,0.988621268923055,0.001515416303527941,0.0011769381712953924
351.51421982932226,0.988252885745283,0.0012904813859699455,0.001017529627787972
350.9871945152723,0.987910251893251,0.0009081014779185089,0.0007299593733193856
350.45897581251234,0.9876875416906914,0.00047343790808333243,0.0003930225214785196
349.92432737899844,0.9876488066234519,0.00010517518698657916,9.805597035155718e-5
349.3781434088684,0.9878143596108118,-8.785747269429847e-5,-6.865929502831503e-5
348.8395317785215,0.9881329023416706,-4.13274364783911e-5,-5.1917440408911133e-5
348.31338435178543,0.9885041760720767,0.00021900455014729013,0.0001339107846603236
347.79282252277824,0.9888277364622903,0.0006149196812846928,0.00043191430761504643
347.274576000496,0.9890181768605635,0.0010389771452175242,0.0007605856361729038
346.75354651128134,0.9890244872465952,0.0013797902220555316,0.001033345006968135
346.2273929018301,0.98884049293942,0.0015424470122399028,0.001174597936643628
345.69788887726475,0.98851403542562,0.0014763505140460583,0.001141399139678557
345.16950043608904,0.9881387014735479,0.0011989788643554642,0.0009424737545460606
344.64252251836814,0.9878201212802455,0.0007892797978182035,0.0006345132765534029
344.1132187847064,0.987645908107494,0.0003591188703699857,0.0003011977196745137
343.5755725355082,0.9876686818804145,2.6955609325072307e-5,3.358157061299432e-5
343.0283240580611,0.9878915273031189,-0.00010447944138178098,-8.647794241547097e-5
342.4947755665599,0.9882395919294308,5.593609164807977e-6,-2.1430394893215627e-5
341.97008694516103,0.9886108852708377,0.00031339513025824305,0.00020025629690967727
341.45098343396023,0.9889048744706342,0.000729499851654925,0.0005132858460875878
340.9322206725141,0.9890451868708191,0.0011436709258563671,0.0008341707438918291
340.40993786287913,0.9889924211159725,0.0014456206732117057,0.001077386522226046
339.88231382283925,0.9887560731918095,0.0015493175270543079,0.001174187446384077
339.3526455793845,0.9884004088734643,0.0014207306977124918,0.00109407458853094
338.82483435260724,0.9880277520970321,0.001096485952656775,0.0008600981769332817
338.29764344012244,0.9877417323533517,0.0006676639011300169,0.000537929527337579
337.7667785263707,0.9876216578378025,0.0002509030052836144,0.00021468872536258785
337.2257843398641,0.9877075004436221,-3.704518345188019e-5,-1.988096667978142e-5
336.68019862229903,0.9879813830463161,-0.00010301212556718201,-9.072243352817144e-5
336.15061934752197,0.9883504119631996,6.746536558433954e-5,1.9828149668510225e-5
335.62747035254904,0.9887122723825549,0.0004162857007836894,0.0002722759803726754
335.10923563030104,0.9889693314641343,0.0008446326624184518,0.0005943394029160175
334.58972995266436,0.9890550039205604,0.0012405434513191162,0.0009013853763119963
334.0659594549659,0.9889430038896708,0.0014968760768409948,0.0011104258942689939
333.5371822429711,0.9886592927985213,0.001538469071175962,0.0011609025051580195
333.00775669147833,0.9882834081669126,0.0013497622166470352,0.0010360380406627969
332.4804261724005,0.9879229695352715,0.0009852240332561084,0.0007721158127238542
331.95274715533765,0.9876773097472564,0.0005459322731054303,0.0004421334342234427
331.4198055270605,0.9876158440684004,0.00015136148727414495,0.00013523638849654386
330.87559058853356,0.987764496211608,-8.482351701833102e-5,-6.1053514225821e-5
330.3341644980999,0.9880810468422937,-8.409771273110931e-5,-8.208931834636407e-5
329.80718492011897,0.9884624563949648,0.00014282069199018918,7.061530004053437e-5
329.2857966070809,0.9888056313359067,0.0005252686354857059,0.0003481384483018156
328.7677922667143,0.9890192455553759,0.0009577648916450986,0.0006732580783358023
328.24736055435,0.9890470581295182,0.0013273097788703947,0.0009607168472455836
327.7219696740393,0.9888772319171241,0.0015321199510506796,0.0011316336158683883
327.19244481739526,0.988552700246677,0.0015100404682200793,0.0011350633314616582
326.6635173663071,0.9881661305691107,0.0012650826141859957,0.0009686378409038734
326.1364959188923,0.987827114195966,0.0008676526565327222,0.0006803613322781486
325.60797320326117,0.9876286739773279,0.00042673734977691333,0.0003489820905316524
325.072447068187,0.9876289975086319,6.288813853215917e-5,6.441820756398464e-5
324.5260268087074,0.9878378998251746,-0.00011495887790078928,-8.908014766385191e-5
323.9897417563809,0.988188053124745,-4.863288680120031e-5,-6.14643056738501e-5
323.4644524285045,0.9885729132785344,0.00022998071592797914,0.00012957285747572652
322.94471310506407,0.9888888473466321,0.0006383299540287628,0.000426355388645487
322.42640164359045,0.9890532460045788,0.0010667535042504664,0.0007485838559976849
321.9048431130711,0.9890211947352467,0.0014022094138820731,0.001011086957592531
321.37784884798145,0.9887963927550497,0.001550430482417656,0.0011405804500393586
320.8479201339153,0.9884387290027453,0.001464516628573012,0.0010972361802675454
320.31961050965754,0.9880512288785865,0.0011682663537401351,0.0008931367537296191
319.79255570315473,0.9877423444396348,0.0007457727235036905,0.0005862774725658602
319.2628123043701,0.9875971545859455,0.00031218251757387795,0.00025987130473874694
318.7241950396876,0.9876613027735391,-1.2656918613145885e-5,3.3701352534881193e-6
318.1777355154201,0.9879253572882986,-0.00012693026301355801,-0.00010377809102754428
317.64612031107674,0.9883001905578129,2.534378032719284e-6,-2.9671395611364307e-5
317.1222673034263,0.9886791233245853,0.00032715285911592,0.00019530372953641015
316.60374203013146,0.9889600163800467,0.0007535450704522293,0.0005055549612778553
316.0847680805708,0.9890702268875208,0.0011695194805417689,0.0008189478778353031
315.56182534443604,0.9889775468115212,0.001463639245627501,0.0010515566258648007
315.0334373066611,0.9887021061959184,0.0015511734665480475,0.0011370409318610737
314.50355056944903,0.9883200736726689,0.001402719772594902,0.0010481926251085076
313.97581100487173,0.9879413842796374,0.00106109999414534,0.0008108994057070007
313.44847410317635,0.987670847207418,0.0006219424115972298,0.0004915205497014794
312.91702468017127,0.9875838986869394,0.0002045805055081481,0.00017632011345768353
312.37513066368365,0.987712419127115,-7.325606323515452e-5,-4.664884781958041e-5
311.8313562437628,0.9880239818765936,-0.00012095661099961024,-0.00010548821209836069
311.3031475892089,0.9884147573768614,6.823691651305939e-5,1.2292902782365174e-5
310.78090068177215,0.9887782646004816,0.0004320552824188073,0.00026610694178838627
310.26296665813607,0.9890171806969744,0.0008684859942354428,0.0005840402746269811
309.74314677344097,0.9890693968576442,0.0012636568646068843,0.000882762670462878
309.21859780384966,0.9889168448901425,0.0015099218479153512,0.0010811198319332258
308.6892456601519,0.9885967957226276,0.0015341229239504276,0.001121042186500111
308.1597438300817,0.9881999093469,0.0013260629891923995,0.0009890777201669444
307.6324665685635,0.9878395442748493,0.0009459995835277574,0.0007236907506107508
307.1045498764705,0.9876146713115043,0.0004989382905051704,0.00039801094565767664
306.5708975910845,0.9875896495905655,0.00010652880022878906,0.00010004111738814505
306.0261549708034,0.9877810130448793,-0.00011704947021980803,-8.446497514349564e-5
305.4869922491107,0.9881309249835813,-9.782437796383839e-5,-9.496032912301024e-5
304.96097168307045,0.9885287983617309,0.0001468889358856747,6.317738445570803e-5
304.44044625759085,0.9888678651802497,0.0005423732709260191,0.0003403027325691076
303.92248182071603,0.9890587332444805,0.0009807130293869556,0.0006601485420811615
303.40161397755867,0.989050467148252,0.0013470786257041675,0.000938705138868264
302.8754060995815,0.9888403558450402,0.0015398031985314558,0.001099081889962181
302.34536267704857,0.9884829872659331,0.001499547594577618,0.0010929600159059207
301.8164747373064,0.9880811247688653,0.0012361274654583052,0.000921124471073092
301.2894280765886,0.9877481282254772,0.0008251728995089678,0.000633080355592053
300.76056665869476,0.9875753138358306,0.0003790963443178592,0.0003073033956930618
300.2242085776697,0.9876146850862026,2.0112778247543354e-5,3.2336852093763926e-5
299.6780337130337,0.9878649871730575,-0.00014297730988489685,-0.00010948270142796097
299.1438727923528,0.9882439102207736,-5.838144121888122e-5,-7.299317696081282e-5
298.61938678246656,0.988639657875432,0.00023686302323118526,0.00012173357276470198
298.1003318133048,0.9889460407330015,0.0006562877564421678,0.0004166118805674495
297.58188047079966,0.9890835063668075,0.001088233626776003,0.0007325868593620816
297.0597521753328,0.9890134558842685,0.001418156137613356,0.0009858203535789156
296.5319656285693,0.9887495043845285,0.001552490693980201,0.0011050968828230521
296.00174109168984,0.988363334579769,0.0014480675026917684,0.0010533946500434507
295.4734861513196,0.9879664008302019,0.0011345671282699252,0.0008455761804612098
294.94634125935806,0.9876692662103174,0.0007007326713229908,0.0005405230877258805
294.41612904694864,0.987553972459777,0.00026459275080138094,0.00022079870122586518
293.87667370215064,0.9876589212135127,-5.2735697359139126e-5,-2.5618892916148414e-5
293.33146724056616,0.9879616294671605,-0.00015076445074984563,-0.00012165684446293644
292.80148784330305,0.9883604997871553,-3.5625035668940024e-6,-4.040157231041163e-5
292.2784622724595,0.9887445718191006,0.00033617103280913336,0.0001865044149110452
291.7603561779529,0.9890108617902368,0.0007716523350296115,0.0004935655357233287
291.24113559682786,0.9890905495356861,0.0011887899709945697,0.0007998977331756296
290.71748820406776,0.9889587850382169,0.0014752036916490748,0.0010231126458411404
290.1884349346956,0.9886463217652481,0.001547444186235043,0.00109896478729814
289.65842056125564,0.9882407071315827,0.0013806763209436908,0.0010031713886621888
289.13071360014186,0.9878584820722235,0.0010233407486500699,0.0007638420076710111
288.60322023257527,0.9876050484959888,0.0005751682538702653,0.0004477003416679874
288.07117670222294,0.98755157709376,0.00015783509917295104,0.00014004198614303703
287.52864183025895,0.9877215741799558,-0.00011002803170198632,-7.259143542184783e-5
286.9868859872786,0.9880679629278672,-0.00014084782442924312,-0.00012143941923863642
286.4598074349795,0.988477867321615,6.533840933464249e-5,1.799262826237849e-6
285.938426546061,0.9888408561588811,0.0004425108149728158,0.00025585455899082376
285.42064891879266,0.9890605416377962,0.0008860076969661874,0.0005695102876807431
284.9004702051043,0.9890793507798336,0.0012800674322192551,0.0008606023974468999
284.375157270119,0.9888875127619461,0.0015166590065830929,0.001049660516765777
283.84520844855547,0.9885334013165115,0.0015246178091263421,0.0010808024806409494
283.3157108020399,0.9881182636691209,0.0012988762084954846,0.0009434248726921753
282.7883896556253,0.9877601415356092,0.0009048335689724401,0.0006775834867107698
282.2602200047725,0.9875572594124736,0.00045112319432648307,0.0003563675125543426
281.72585806182224,0.9875685872784548,6.125538557857931e-5,6.65814880969813e-5
281.1809841297405,0.9878008883209671,-0.0001501543510036073,-0.00010758458063433489
280.6439763816327,0.9881813677616302,-0.00011402783641328978,-0.00010954791947568999
280.118799441201,0.9885931953067669,0.00014677169171892167,5.245124346189293e-5
279.59902225501975,0.9889263663555208,0.0005538526261867153,0.00032837603953810187
279.08101954122316,0.989093733094854,0.0009971777369457118,0.0006430320350809927
278.55967786317046,0.9890498087058615,0.0013602181859845564,0.0009135853517920339
278.0326872421492,0.9888009986907157,0.0015414640061303104,0.0010649121659298683
277.5022419210494,0.9884133229763751,0.0014843793541869633,0.0010510091580082973
276.97339827989634,0.9879987462225845,0.0012042003764692606,0.0008752862380104915
276.4462670629485,0.9876736316205613,0.000781183527880243,0.0005882510794707828
275.9170395269597,0.9875272024593821,0.0003308379687915903,0.00026795763968501376
275.3799248687725,0.9876050522259391,-2.313548693114228e-5,1.6399482398008679e-6
274.83444713866203,0.9878944126310808,-0.00017230842926019226,-0.0001301585433084443
274.3021459286028,0.9882994436475021,-7.116956278425877e-5,-8.672775023373268e-5
273.77842680970446,0.9887037384872822,0.0002389706940203514,0.00011028265085977927
273.25992412559873,0.988999176291693,0.0006681944005983786,0.00040272103991322093
272.74129160835935,0.9891093750708527,0.0011030046909143222,0.0007127613522993158
272.2185600444616,0.9890021639593441,0.0014275228946727934,0.0009578348543709317
271.69006285701556,0.9887010117180098,0.0015488574233924544,0.0010685091591810796
271.15959230025095,0.9882889252820705,0.001427478485726315,0.001010212435358752
270.63136819039084,0.9878849121807679,0.0010984302067870867,0.0008000134395050115
270.10409537065306,0.9876010156756512,0.0006545906325744195,0.0004972977051638851
269.573401939146,0.9875159152988768,0.0002165562455817247,0.00018387768615257618
269.03327825857815,0.9876605736878881,-9.339298855662483e-5,-5.360844844237326e-5
268.489655292311,0.9879992104755508,-0.00017645453521663183,-0.00014039671420471036
267.96103471438096,0.9884196196203898,-1.3292400293784843e-5,-5.37879168688808e-5
267.43881966259534,0.9888067702961656,0.0003398528017053261,0.0001738443950666138
266.9210155121923,0.9890574684026574,0.0007833252233493895,0.0004774347039557681
266.40152343470106,0.9891067458216792,0.001201214675839165,0.0007772679680983989
265.8771663917441,0.9889371357598311,0.0014803302389145788,0.0009923817808825636
265.3475352193702,0.9885898804311931,0.0015384543479153936,0.0010603217205605471
264.81740341493196,0.9881632315280076,0.001355076223726278,0.0009592846588160895
264.2896977424016,0.9877795297644698,0.0009836852816331966,0.0007190526467845389
263.7619874123323,0.9875442436659266,0.0005276262556938565,0.00040639924651621683
263.2293697127955,0.987524077301876,0.00011072268691062875,0.00010566249656610465
262.68647143253844,0.987733915811876,-0.000147617956044894,-9.7987372576164e-5
262.1467454154541,0.9881123725938706,-0.000163162925355031,-0.00013880412105589046
261.62062260518803,0.9885390499515666,5.8244025373245246e-5,-1.1723770254666252e-5
261.1000141430878,0.9888998480784594,0.00044724327543119955,0.00024165822394757127
260.5823062113046,0.9890996756804853,0.0008969074669559506,0.0005510069262061858
260.0617464933012,0.9890855637499505,0.0012896919457743644,0.0008352501579941852
259.5356681963315,0.98885597457708,0.0015172504732118468,0.0010164289559941126
259.00520054825665,0.9884701651133055,0.0015103195125743976,0.001040512737422383
258.4756966298286,0.9880391948768266,0.0012686192703170274,0.0008992616690430378
257.9482992776208,0.9876850634747555,0.0008621252955017637,0.0006338417798551552
257.4198450351158,0.9875048330206557,0.0004026952470513946,0.0003170858309159808
256.88482670303904,0.9875519285433916,1.5525691672512937e-5,3.465045790918307e-5
256.3402036459563,0.9878230329086124,-0.00018447589168054697,-0.00013068837723990417
255.8051808513468,0.9882314361219832,-0.00013320399572770773,-0.00012603349687318458
255.2807657937567,0.9886550243966846,0.00014192041891943172,3.8389491319317934e-5
254.76162206403026,0.9889809991824556,0.000559243586641132,0.00031246592337976967
254.24351627670504,0.9891246134983167,0.0010068652535392144,0.0006221406442126208
253.72167415271457,0.98904587812506,0.0013666738737274041,0.0008856740378475957
253.19394413044785,0.9887602031125011,0.0015373085426330128,0.0010294691231647467
252.66315291157807,0.9883446649191948,0.0014649260954944586,0.0010094949339220594
252.13431954638344,0.9879195898334604,0.0011697028865041252,0.0008312483102623649
251.60705416694597,0.9876037434912965,0.0007359903727392934,0.0005458373792222192
251.07744580782753,0.9874839545583599,0.0002820814042454405,0.0002307766922692529
250.53969885391524,0.9875992651649542,-6.69686070829903e-5,-2.7909890942535185e-5
249.99530578087854,0.9879251236477782,-0.0002033561642210496,-0.0001513702286105238
249.46459285633128,0.9883538243910112,-8.748541751798134e-5,-0.000102793459379522
248.94162184173197,0.98876469921902,0.00023581210984258228,9.524522861974718e-5
248.42354147430652,0.9890482872863926,0.000673678640182237,0.000384858762300498
247.90469557842496,0.9891313633964527,0.0011108838996983484,0.0006893943609433301
247.38132579722154,0.9889881852988764,0.0014303642939860546,0.0009274771803367392
246.8522028055998,0.9886519362516163,0.0015398105415689622,0.0010311521306243365
246.3215510653485,0.9882163911374152,0.0014031712537784116,0.0009679329504781416
245.7933123446722,0.9878072414828927,0.0010602599615258212,0.000756534120983668
245.26586537479534,0.9875375594034217,0.000607612890997458,0.000456525431016118
244.73469510507232,0.9874824549296582,0.00016813575531614538,0.0001489190685074488
244.1941211115631,0.9876653089545683,-0.00013481561659446585,-8.084230542357162e-5
243.6522603465657,0.988037139708194,-0.0002044273339315811,-0.00016021747271658215
243.1247746164436,0.9884768307757382,-2.713060667332854e-5,-6.989992647341412e-5
242.6033233588898,0.9888654451052842,0.00033779486187663504,0.00015743281138412484
242.08570466013367,0.9891000355430134,0.0007883084415615513,0.00045741469426958806
241.56589722962752,0.9891194381783468,0.0012067495973445354,0.0007514118636850126
241.04086038512332,0.9889135093323891,0.001479166722962403,0.0009597236562879189
240.51064543929112,0.9885336709177484,0.0015245162653496954,0.0010214120748943511
239.9804845389974,0.9880883653623668,0.001326304761386596,0.000916698446983112
239.4526932152787,0.9877047847604977,0.0009424087760731506,0.0006764989856636891
238.92476728222877,0.9874882359485552,0.0004794826935162341,0.00036747087344460506
238.3915901774741,0.9875007596093708,6.31889589358385e-5,7.293621290068213e-5
237.84866005666126,0.9877484517605106,-0.00018630561693458352,-0.00012309518815582692
237.3108962987639,0.988156332449259,-0.00018832331889196766,-0.00015774378491050845
236.78560904922924,0.9885976968806609,4.6497330606033705e-5,-2.8294430531848803e-5
236.26568209842608,0.9889550778646626,0.00044587283266603594,0.00022365204542106079
235.74797365418218,0.9891348891603975,0.000900949595634651,0.0005287772499356287
235.22699193702468,0.9890887438079105,0.0012925165552523728,0.000807035704932558
234.7002113860594,0.9888232073749965,0.0015118788222601024,0.0009817463027831858
234.16932840929158,0.9884080806859167,0.0014916050392296278,0.0010004461900283879
233.6398116354487,0.9879634032459004,0.0012357441996189648,0.0008567510305804384
233.1122914580001,0.9876145246390025,0.0008182513139494824,0.0005924823487857184
232.5835200428515,0.9874570852100558,0.00035385333737420757,0.00028005396025407504
232.0479398964642,0.9875388975398299,-3.068469520235044e-5,4.064424296644274e-6
231.5039388886221,0.98784637017088,-0.00022033271179915117,-0.0001539990958792186
230.970683866163,0.9882802395532516,-0.00015580399723900902,-0.00014454404034308112
230.4469851760344,0.9887137225904381,0.00013183478772859952,2.0979256163313113e-5
229.9283619402135,0.9890316889112264,0.0005581307002671654,0.00029268682563775576
229.41011355057046,0.9891517974234961,0.0010095168366825436,0.0005976811712374322
228.88773499179703,0.9890395033696346,0.0013664353415977577,0.0008552529311703546
228.3593483003196,0.9887190323537567,0.0015275727675290933,0.0009930457774168671
227.82831828444873,0.9882780410231805,0.001441641242478022,0.0009686780455963253
227.29946302866907,0.9878443140694585,0.0011331643274517006,0.0007891832591237082
226.77203513437405,0.9875385950404132,0.00069006326776214,0.0005059070470430046
226.24203866949009,0.9874451274836579,0.00023309236444530535,0.00019571390151574753
225.70381756239127,0.9875963769915903,-0.00011141091796454894,-5.6448854799964846e-5
225.1607861388606,0.9879560084492787,-0.00023648485769202306,-0.00017330989853706438
224.63141555355114,0.9884061450199378,-0.00010783640599013123,-0.00012130496170170463
224.10916229475387,0.9888220570662003,0.0002268533665273553,7.661241651662599e-5
223.59138014166427,0.9890934136904744,0.000672305982424796,0.00036312306381364553
223.07228236267218,0.9891500287993992,0.0011116462914471192,0.0006626848506015353
222.54830330956938,0.9889724886040852,0.0014266935680049596,0.000894988985509598
222.01860222972624,0.9886033849336469,0.0015256548334043707,0.0009933017295875293
221.48782750365763,0.9881466688230889,0.0013756313275028256,0.0009267843112249304
220.95952691671133,0.9877338925652053,0.001020568038801656,0.0007152664407380663
220.43188947110212,0.9874788566098563,0.00056022015417433,0.00041823600902337547
219.90025014805667,0.9874529946346049,0.00011951808388544684,0.00011584490548274438
219.35946932848412,0.9876720766755049,-0.00017712399059859084,-0.00010747641659552358
218.81940384960907,0.9880743965006087,-0.00023507178031716201,-0.0001812773109051958
218.29288370491113,0.9885313479357195,-4.557658546457225e-5,-8.881011469064332e-5
217.7721217363258,0.9889202823946995,0.0003295311066906571,0.00013731778844308724
217.25459611257438,0.989138754683019,0.0007862466457201602,0.00043364327996357055
216.73444362613645,0.9891292965265689,0.0012052468223867697,0.0007225421691296798
216.20873562447173,0.9888888890297567,0.0014718383275629297,0.0009254056742384088
215.67801039920784,0.9884787915965073,0.0015059943963929919,0.0009824924817385702
215.14781065127883,0.9880168847498894,0.0012948268175658852,0.0008755854462977456
214.61988802123932,0.987634592563926,0.0008999823290013285,0.0006362639844681286
214.09170169455138,0.9874368135723083,0.00043102245220700007,0.00033086070192171247
213.55801865795095,0.987480922947319,1.531070854516631e-5,4.174060621094591e-5
213.01536772398893,0.9877641384074585,-0.00022631268863658387,-0.0001480937284662394
212.47943124371028,0.9881989249002167,-0.00021671859753804546,-0.00017837351392312967
211.95489125202363,0.98865317990841,2.9641656812276316e-5,-4.79303214719889e-5
211.43554814033573,0.9890063841194157,0.0004380036631963753,0.0002019320121216479
210.9177689096918,0.9891665110301643,0.0008978880660658672,0.0005030107267050186
210.3963449457969,0.9890896383589373,0.0012884968888384279,0.0007761998787586777
209.8689081716991,0.9887901948989698,0.0015007458565089627,0.0009458782310105841
209.3376802678152,0.9883480741886422,0.0014688533665251171,0.0009608214151119219
208.80812112895487,0.9878914841694061,0.0012006649635155253,0.0008159963924343366
208.28043513743555,0.9875486594621454,0.0007735519303377252,0.000553487711119305
207.7513414299671,0.9874136608889377,0.00030479192020226503,0.00024516851363617307
207.21529847902062,0.987528707553292,-7.741181474127674e-5,-2.5343773970285164e-5
206.6722358897365,0.9878699127380264,-0.0002580146557679749,-0.00017769488540924936
206.14051976487096,0.9883269855484312,-0.00018220278070968414,-0.0001651463440442823
205.61749432672124,0.9887688483741064,0.00011613770160706215,2.775381224432829e-7
205.0992755782239,0.9890784495623522,0.0005502370448639773,0.00026921192511100857
204.58083904247925,0.9891757443349447,0.0010050223260517398,0.0005699105631529198
204.05793616407038,0.9890314966275504,0.0013595629733180773,0.0008225904169518856
203.52895230586267,0.9886784393345222,0.0015125261034896055,0.0009559001837593684
202.99771643976413,0.9882142169554722,0.0014148897373491196,0.0009287206320456266
202.46878634436104,0.987773312741937,0.001094909967471767,0.0007491057314817095
201.94115690887875,0.9874781282374897,0.0006435989342194699,0.00046833920678120746
201.41076470357237,0.9874102386924704,0.000183894110411991,0.00016256498353082807
200.87224451317485,0.9875955710462172,-0.00015662255497137664,-8.419482466788773e-5
200.33073951506398,0.9879862601970283,-0.00027200561215922925,-0.00019613091323566795
199.80250800592736,0.9884558193442043,-0.0001325262745539231,-0.0001422523786219605
199.28092496640653,0.9888756050458635,0.00021187548932879532,5.4557357957911616e-5
198.76334333905064,0.9891347404391118,0.0006639663309933351,0.0003377888547650233
198.24398455942966,0.9891659247422174,0.001105313678829238,0.0006329481195762746
197.71941570379292,0.9889558726567824,0.0014166990281886576,0.0008606825129915867
197.1891723141949,0.9885561820429355,0.0015066965639204029,0.0009551930899826846
196.65830177532587,0.9880803503199346,0.0013451768248436764,0.0008868566095687481
196.12988090754487,0.9876650781008259,0.0009795821729630511,0.000676138801512066
195.60202071063628,0.9874247004412002,0.0005124844213757794,0.00038222677279436783
195.06994378013766,0.9874269682673753,7.063178377618131e-5,8.441019297230018e-5
194.5292105545124,0.9876800535475063,-0.00022054377236662226,-0.00013373218798317597
193.99091224431288,0.9881102712832965,-0.0002686745774347746,-0.00020367049422599247
193.46522810985053,0.9885827065562194,-6.88863929765659e-5,-0.00011044925381639357
192.9450866580748,0.9889711883011721,0.000314897839546607,0.0001137134808651381
192.42759166489006,0.9891739097714307,0.0007770838578403958,0.0004064130110381268
191.90708861891946,0.9891369404597604,0.0011967840138686872,0.000690972424775765
191.38076321897242,0.9888641161447908,0.0014585565537486695,0.0008897006413148127
190.84961518334447,0.9884260829537672,0.0014832224569100376,0.0009437580736816855
190.31935367894866,0.9879493568303437,0.0012609953314280222,0.0008360166300270551
189.79127089669763,0.9875691221263988,0.0008566997280898208,0.0005983020215701
189.26280331088316,0.9873897024314391,0.0003824165719207321,0.00029644367108606293
188.72868739137826,0.9874638903638118,-3.2917272839903946e-5,1.1911828186200076e-5
188.18659798492803,0.987780068147179,-0.00026785536715131326,-0.0001731437059884611
187.65233057967686,0.9882393896111553,-0.0002486439830299279,-0.00020074495934496836
187.12846667628233,0.9887050297622908,7.374557043097081e-6,-7.056439109391738e-5
186.60961661670603,0.989053707324947,0.0004234069181874353,0.00017666935036657813
186.09171959742295,0.9891949009934541,0.0008876101806179551,0.00047393606274852214
185.5698520936098,0.9890889625702854,0.001277684407662581,0.0007429908464695026
185.04181021292138,0.9887578397424687,0.0014840863608670337,0.0009090554315305493
184.5103155962929,0.9882909883785654,0.0014424339454100607,0.0009218032684570542
183.9806818414237,0.9878239642530698,0.001163777861794255,0.0007770622076415952
183.452794472579,0.9874875524133546,0.0007283548889542948,0.0005168261922589679
182.92335895561143,0.9873741779355069,0.00025567109377052174,0.00021231359656700876
182.38697567445166,0.9875205886732528,-0.00012468256932456024,-5.371534650712916e-5
181.84507420954276,0.9878927856914032,-0.00029775882518273905,-0.0002019048128149154
181.3146860550252,0.9883709788265592,-0.00021268739264459596,-0.00018785230386530655
180.79230337311452,0.9888200325669426,9.454929294606749e-5,-2.3617990184369778e-5
180.27438220597713,0.9891213280327534,0.0005353668933720584,0.0002422253881233801
179.7557441647126,0.9891969129090119,0.0009933035836725366,0.0005390499086257834
179.2323112478806,0.989022626450058,0.001346170079496602,0.0007879302925986317
178.70281454823714,0.9886393302423616,0.0014924464320399534,0.000918238142264692
178.17140647834867,0.9881539596981668,0.0013850561414525796,0.0008897530864379738
177.64238149709507,0.9877070216150193,0.001055350239794063,0.0007110636400386761
177.11448645268464,0.9874223036557764,0.0005968942601998063,0.0004330819895196485
176.58371922431968,0.9873787995119843,0.00013463972410196804,0.00013123243857553286
176.04508563891577,0.9875959956422322,-0.00020266019957445813,-0.00011126786439713435
175.5051553607472,0.9880150505644344,-0.0003101537420291334,-0.00021991839512833388
174.9779011552881,0.9885022110261873,-0.00016183884802500428,-0.00016561667298665097
174.45693728277016,0.9889250730574113,0.00019062353034940549,2.9199621607253093e-5
173.93947037408302,0.9891724136735566,0.0006484942273341389,0.00030904336374190184
173.41982080257173,0.989179587282165,0.0010918869571665915,0.0006004219933508601
172.8946644506792,0.9889391187946975,0.0014005549920315895,0.0008247952103214254
172.3639272750225,0.9885111605294313,0.0014832419580961724,0.0009170045400133262
171.8329807836408,0.9880180645377716,0.001312168469551527,0.00084823183067144
171.3043886162925,0.9876010632349472,0.0009376293423037787,0.0006391337041126511
170.77626205509688,0.9873749230490053,0.00046460852807924167,0.0003483931387263451
170.24377160042147,0.987403823319143,2.1514221094602717e-5,5.446576329487002e-5
169.70331602809836,0.9876884406315634,-0.00026521591407728507,-0.00015975182474682525
169.16669886197343,0.9881440749279423,-0.0003054482663438468,-0.0002274377412051674
168.64175266217865,0.9886304396697088,-9.727128209554661e-5,-0.00013473696649717758
168.12213959788667,0.9890180631333471,0.0002937718122107985,8.681800610161573e-5
167.60460979930446,0.9892057641125419,0.0007608112583953658,0.00037599006657022105
167.08374136256475,0.9891429327872947,0.0011814865910853003,0.0006569860516359051
166.55682498915382,0.9888398991758391,0.0014395692189605102,0.000852853363675738
166.0253395274236,0.9883762130467018,0.0014565028221567588,0.0009053473420708648
165.49499760550006,0.9878862105214794,0.0012250886644002274,0.0007979969854647359
164.96670524363375,0.9875084403686297,0.000812732691448685,0.0005624891913571689
164.43792806804288,0.9873466141808339,0.0003337043408027375,0.00026401904538885803
163.90346426832457,0.9874490816093779,-8.157401751836964e-5,-1.675185920187699e-5
163.36217286215788,0.9877955477739684,-0.00031112253110581427,-0.00019838725158908652
162.82939997653997,0.9882772038105887,-0.00028426225357256114,-0.00022484306552403793
162.30615648486915,0.9887529728815188,-2.04013911867993e-5,-9.603339779737061e-5
161.78768753191451,0.9890971042729118,0.0004021100126374626,0.00014815099146234638
161.2696571329021,0.9892204086315478,0.000870226314016916,0.0004418730644384816
160.74734496281116,0.9890872937121103,0.0012602896269475257,0.0007077106645712615
160.21877238872966,0.9887268256706646,0.00146217473445773,0.0008714939491573612
159.68705795684684,0.9882373787770738,0.0014126302602994148,0.0008834790218644113
159.1573280772368,0.9877611394998451,0.0011253067157273036,0.0007398944648493864
158.6291881352124,0.9874311537287599,0.0006827617066796642,0.00048232442670324496
158.099410600763,0.9873382713510023,0.00020648712863072114,0.00018127552691408547
157.56283224268338,0.9875139179664874,-0.0001725989837692623,-8.123573900497412e-5
157.0222444881491,0.9879143590298556,-0.00033974152593056,-0.00022672596507040057
156.49301230139216,0.9884117483385129,-0.0002473931346578752,-0.00021260098418294488
155.9712287088299,0.9888670928170337,6.702008921323865e-5,-5.050380322749244e-5
155.45352795161915,0.989160441880766,0.0005135505622297709,0.0002120060808408354
154.93466933158558,0.9892157155727801,0.00097450191791745,0.0005054097294524017
154.41073023728353,0.9890135163566194,0.0013264745793193375,0.0007515348572855416
153.88070425113932,0.9886022910977659,0.0014676225235206988,0.0008802447539457436
153.34918135314814,0.9880977236222869,0.0013523954384875784,0.0008518090285365182
152.81997745618546,0.9876455687067496,0.001014598979844076,0.0006749185628153443
152.2917967025808,0.9873709747690527,0.0005499785232001181,0.00039991833256797135
151.76065417594288,0.9873503990940992,8.523479381999622e-5,0.00010146193999847744
151.22208971400087,0.9875970728988338,-0.00024968534492615717,-0.00013786435462656118
150.6837405036539,0.9880418913447959,-0.00035106926846247574,-0.00024471940873682424
150.15733873903488,0.9885450060892098,-0.0001958270538123006,-0.0001912706982112029
149.63691824304757,0.9889704272116335,0.00016317636339752804,8.201102024545097e-7
149.11949711134855,0.9892066484709828,0.0006260640195711681,0.0002772378343110922
148.59954498260765,0.9891914449664313,0.0010716073989410887,0.0005654488150666861
148.07386392909078,0.988922814307852,0.0013785237038586489,0.000787577607923847
147.5427118285176,0.9884689242729381,0.0014555767730769077,0.0008788707954675686
147.01166421416275,0.9879601903573815,0.0012768381733367503,0.0008108993296820317
146.48285237833338,0.9875419461786579,0.0008948477553714685,0.0006041152962989239
145.9543866753291,0.9873293199610049,0.00041659360228008603,0.00031650972380182216
145.42155592229506,0.987383104383252,-2.7889525936747576e-5,2.5809748386019917e-5
144.8815774293615,0.9876966509484373,-0.0003112742513651052,-0.00018567636084687564
144.34654078007424,0.9881753334580122,-0.0003454945183958921,-0.0002525695616164661
143.82225069329047,0.9886742677857738,-0.00013076185636682017,-0.00016151647134083247
143.30308267550862,0.9890608880542455,0.0002662130336341508,5.689535003644442e-5
142.78547267886364,0.9892345607478076,0.0007375651958424532,0.0003426767989461125
142.2642261719937,0.989147735875797,0.0011595702618685839,0.0006208691776614295
141.73678080752674,0.9888168381928758,0.0014151351421775717,0.0008150664082172635
141.2050191354951,0.9883297191456375,0.0014261119890284304,0.0008673514197130995
140.6745523116977,0.9878277529637565,0.001187316486583046,0.0007614785190080197
140.1460069871873,0.9874525782301516,0.0007682002029182909,0.0005286732632016876
139.6169063549299,0.9873072982168419,0.000284915393271678,0.00023339294073302088
139.08217955885158,0.9874360108167963,-0.0001307188747152212,-4.442827549271705e-5
138.54188000755687,0.9878100239810004,-0.0003562301297543578,-0.0002239203862257389
138.0104411772647,0.9883119395980713,-0.0003236400070568364,-0.000250611618868436
137.4877905189073,0.9887967738963196,-5.3695978705375634e-5,-0.00012415710420986625
136.96962361251562,0.989136592495412,0.0003741621144483865,0.00011662490938323336
136.45142306019218,0.989243326708281,0.0008458908038947824,0.0004071091675200387
135.92865888529403,0.9890851194136738,0.001236544379864252,0.0006706174991151236
135.39963433257785,0.9886977236046942,0.0014352844577957644,0.0008333647451859398
134.86771107153487,0.988187692569454,0.0013796966302682242,0.0008458930476919727
134.33783203800547,0.9877032105485534,0.0010854084515642365,0.0007043944338406711
133.80939459779697,0.9873794066151852,0.0006368314779327399,0.00044979208535626895
133.2792582044657,0.987305641759195,0.00015719396009169535,0.00015182644979726872
132.74260026261726,0.9875082402386941,-0.00022127709504901074,-0.0001080966146939369
132.20338657341028,0.9879342583089196,-0.0003840595133169648,-0.00025222368478358854
131.6751697883888,0.9884490552083754,-0.000286293366932919,-0.0002392691516199661
131.1539305842929,0.9889099941084509,3.3713732324562944e-5,-8.009765194455553e-5
130.63635796716054,0.9891959516487855,0.0004850753688759908,0.00017893368830798097
130.11725696570824,0.9892324578128533,0.0009489658109489991,0.0004693755710742828
129.59280934284013,0.9890045311380692,0.001300834655744861,0.0007137170707148242
129.06234624987047,0.9885677515132223,0.0014383309869744328,0.0008420633977206712
128.53068341642143,0.988045735728768,0.001317068211286125,0.0008148577792994481
128.00126702392134,0.9875890278898901,0.0009727185780041838,0.0006405054907354098
127.47273486444634,0.9873239929154175,0.0005027654918328431,0.00036857368423225703
126.94124360828779,0.987324733833565,3.555509536280282e-5,7.299287164688837e-5
126.40289847370266,0.9875984238597034,-0.000297836885033574,-0.00016416811820830072
125.86609687806256,0.9880665188077509,-0.00039478946051132074,-0.0002705415164429157
125.34044942345497,0.988584071562888,-0.00023438377982020131,-0.00021903302004558424
124.82051205227295,0.9890116934119478,0.00012976643691870046,-3.0262762735562253e-5
124.30308313061103,0.9892376234744904,0.0005969877570846916,0.00024274698391347184
123.78282490116301,0.9892018022173817,0.001044818794565393,0.0005283784879927423
123.25662383877652,0.9889072836671962,0.0013509533383223205,0.0007492998738600501
122.72514653962607,0.9884297591462357,0.0014239492871008094,0.0008408900759979975
122.1939953290274,0.987906893493557,0.0012393068237276199,0.0007747796563006497
121.66492301136493,0.9874877187264097,0.0008512327168474601,0.000570869820780649
121.13607953980812,0.9872877219418766,0.00036836994097528425,0.0002863201448936029
120.60294713350703,0.9873645081328022,-7.771648763112543e-5,-1.8079649783103106e-6
120.06361799434181,0.9877043510728649,-0.00035882897884175787,-0.00021164545292099953
119.53004267185747,0.9882038456105436,-0.0003887885320976752,-0.00027901451478591855
119.00635430748804,0.9887141099796923,-0.0001691935664996302,-0.00019056200637785332
118.48756352441524,0.9890997267516934,0.00023249928439744916,2.428480273686459e-5
117.96983913032386,0.9892604990327701,0.00070768774444736,0.00030684558894081596
117.44819636463441,0.9891516437689118,0.0011313972384444585,0.0005829520552997642
116.92028939063403,0.9887952637400803,0.00138557025599195,0.0007765497993678955
116.38829046616094,0.9882868470864741,0.0013922648600643754,0.0008298144746036794
115.85770472045591,0.9877741312196063,0.001147788932549707,0.0007263529602444315
115.32885792566846,0.9874015013556908,0.0007230956529647466,0.0004966347245069594
114.79940726758744,0.9872715580884521,0.00023595547885672745,0.00020430346419998905
114.26449165846083,0.9874243743305432,-0.00018046937697032076,-7.133385353488474e-5
113.72530522314955,0.9878232416359105,-0.000403248461832626,-0.000249834962269739
113.19506045164766,0.9883434521768514,-0.00036668978329504207,-0.00027794378359816645
112.67295856494952,0.9888364352479317,-9.225795584505672e-5,-0.00015465432485371617
112.15501698420489,0.9891722931968945,0.0003399334608483279,8.247575631275011e-5
111.6366083867232,0.9892638639318899,0.0008150269277311466,0.0003700447487538924
111.11341419832958,0.9890827064529466,0.0012068304054050306,0.0006320232254039637
110.58391985227713,0.9886707087250037,0.001403730515009278,0.000794853591285924
110.05186703180418,0.9881420781677064,0.001343794719152233,0.0008090320997562086
109.52178785754273,0.9876501972587021,0.0010440907905028738,0.0006703823871764954
108.99301016297318,0.987332207384404,0.0005904556127211058,0.00041894943479513653
108.46251559124607,0.9872760900199002,0.0001076476387732409,0.00012368590769565408
107.9258927056921,0.9875032970872514,-0.0002708355247814939,-0.0001344956813727753
107.38808663989217,0.9879522970455137,-0.0004307213229083797,-0.00027843043030467744
106.86077628346723,0.9884828002662455,-0.0003292404150378201,-0.0002677015540910033
106.34003276882731,0.9889487507792208,-5.084673445856189e-6,-0.00011209974161962179
105.82253539379391,0.9892279634438403,0.0004502853102327752,0.00014336018535719908
105.30316786536564,0.9892473425340262,0.0009170739144441197,0.0004312907360508743
104.77824719146585,0.9889959518251323,0.001269582263976301,0.0006747199463298518
104.2474143584612,0.9885359742077954,0.0014048404142506853,0.0008038063656555864
103.71565501546696,0.9879982351763292,0.0012792592153860604,0.0007788659164890137
103.18597677851987,0.9875374769334919,0.0009297854068225149,0.0006076709487870975
102.6570760432695,0.9872812904328676,0.0004552940342643811,0.0003388622407942708
102.12524337810959,0.9873015768229828,-1.4423265910789638e-5,4.5639244186598386e-5
101.58727847443679,0.9875997119180453,-0.00034713224580572245,-0.000190280769772713
101.0519679723519,0.9880886556556103,-0.0004412690676223948,-0.0002973524675677321
100.5270044178056,0.9886192097957756,-0.00027738127441067907,-0.0002487412029456013
100.00748909642188,0.989048818257016,9.060622798518575e-5,-6.379330070260007e-5
99.49000050185535,0.9892654362525923,0.000561538504157596,0.0002058613177055961
98.9694000081568,0.9892108794152612,0.0010118484794611005,0.0004894919758332559
98.442736384887,0.9888928565612705,0.001318131738031238,0.0007101384932249289
97.91097298361274,0.9883939506777902,0.001388607159159025,0.0008031262678170535
97.37969447538657,0.9878583431221732,0.001199719623094551,0.0007397981794676654
96.85032428593514,0.98743841629038,0.0008068339640503042,0.0005392223979968468
96.32106311684446,0.9872500247280817,0.00031991734008843633,0.0002576099131539519
95.787680284865,0.9873478093165654,-0.00012799878017703855,-2.8562442394540894e-5
95.24913342467696,0.987711286981948,-0.0004078917599882237,-0.00023774102885928202
94.71690824306927,0.9882294236081077,-0.0004352316888450936,-0.00030669775103239186
94.1937831218984,0.9887498605128162,-0.00021236301575891503,-0.0002216658845045064
93.67529087694774,0.9891345950994779,0.0001929350007538293,-1.0714677290269744e-5
93.15740446630421,0.9892837005979265,0.0006715463889448665,0.0002688239213734761
92.6353778909994,0.9891548668858183,0.0010973114049992875,0.0005434977903587043
92.10704532381806,0.9887754067985657,0.0013511850643534175,0.0007374705693471128
91.57486126421222,0.988247806869243,0.0013551785039246141,0.0007927585634885314
91.04410583329542,0.987725410191981,0.0011065772407627334,0.0006924905626978546
90.51491159485062,0.987355177323033,0.0006773853363473804,0.0004661483326791554
89.98503349715975,0.9872392790871811,0.00018669344387780486,0.00017647631146710654
89.45002009177608,0.9874140134867849,-0.00023091477752212704,-9.766802068267683e-5
88.91198931669732,0.9878351327696624,-0.0004521728928327608,-0.0002761981415179008
88.38283129768791,0.9883717319873422,-0.00041322032976375537,-0.00030671098944463297
87.86122309894667,0.9888720199793114,-0.00013572390287964955,-0.0001872333605275649
87.34343761945878,0.9892043005667568,0.0002998918654560851,4.608373470488922e-5
86.8248072345041,0.9892821297359782,0.0007781081244778135,0.0003310505743885699
86.30116089588427,0.9890801452578807,0.0011715952984847613,0.0005922367803374805
85.77126189542912,0.9886459124447075,0.001367810285749047,0.0007560973495614419
85.23908560114164,0.9881005501717424,0.0013050581658989996,0.0007728606430512884
84.70876931166812,0.987602069235278,0.0010013325471418455,0.0006376695957639844
84.17959677830078,0.9872894798564633,0.0005434966862012357,0.0003895137729497952
83.64872801754433,0.9872495294372894,5.7675548352148335e-5,9.656372067033855e-5
83.11225225758189,0.9874990145857323,-0.0003213697766563411,-0.00016062486618788124
82.57584725477453,0.9879685069052077,-0.0004796554137701947,-0.0003053625121547092
82.04935973607796,0.988513059757285,-0.00037595677354346414,-0.00029771632380916693
81.52906532910222,0.9889834663768152,-4.892973644685799e-5,-0.00014617640421469205
81.01158659236023,0.9892565764199115,0.0004097211130053786,0.00010569412738341621
80.49192223657299,0.9892604371737477,0.0008793665618157863,0.0003915460185493294
79.96655834393827,0.9889878036939482,0.001233158916643726,0.0006348249145946844
79.43537690330288,0.9885068945522058,0.0013674184580404114,0.0007655818525836078
78.90350992860823,0.9879550584548403,0.0012389874955474021,0.0007437228302183511
78.37353624202231,0.9874907663054779,0.0008856275245559881,0.0005761347988077747
77.84420665202143,0.9872427543833144,0.00040725275437181185,0.00031039904928652115
77.3120428508613,0.9872809133503192,-6.497604165595102e-5,1.9051615347054044e-5
76.77456314382225,0.9876010616215016,-0.00039770413145646325,-0.00021641836160023471
76.24066663237042,0.9881085746756946,-0.0004903480255152752,-0.00032512242666585446
75.71634141619474,0.9886507055792937,-0.0003243727426839832,-0.0002801234867987067
75.19718087814853,0.989082037546094,4.635973610240122e-5,-9.932227004324289e-5
74.67959120329824,0.989290197294052,0.0005204516467129905,0.00016709139456304973
74.1586324583382,0.9892186499672598,0.0009733499157040418,0.00044923393849630877
73.63152794468456,0.9888793648633658,0.001280537482984966,0.0006703880053733263
73.09952909079634,0.9883612596558502,0.0013497470194463847,0.0007656345035060094
72.56810770917477,0.9878142898882178,0.0011579964984450236,0.0007057756168817028
72.03838637894552,0.9873938385007219,0.0007613570381834553,0.0005088184052516573
71.50867050682083,0.9872161541539106,0.0002708743686955601,0.00022996678085004577
70.97506757501367,0.9873330849699189,-0.0001790268157000994,-5.4806818144179916e-5
70.43740337390578,0.987717702011309,-0.00045852784422957505,-0.00026413078154813725
69.90642375508125,0.9882524182030142,-0.0004845590696826131,-0.00033552220528612647
69.38383120881115,0.988781852657174,-0.0002597118466942837,-0.0002544929389185743
68.8655733981937,0.989165709905429,0.00014825792790355673,-4.7619256982271576e-5
68.34749143853031,0.9893042178274063,0.0006299061342118252,0.00022912451143560335
67.82505424754409,0.9891572746882183,0.0010579921945185029,0.0005029507314114026
67.29629746932382,0.9887569643683787,0.0013124152789229576,0.0006980825552589919
66.76396532934291,0.9882122102465057,0.0013149498796513018,0.0007561702013993854
66.23299645073317,0.9876812418958775,0.0010634684590713134,0.0006596294860370345
65.70341355910486,0.9873133996854351,0.0006306664327964546,0.0004367944018937688
65.17305738774724,0.9872104569674109,0.000136725331983446,0.00014947727211547297
64.63801445315852,0.9874051199857216,-0.0002823261153854278,-0.00012376753660222218
64.10116985141386,0.9878460656006572,-0.0005029775721963368,-0.00030311845584634814
63.57301382823651,0.9883971974880719,-0.00046285622583163127,-0.0003367504246382267
63.05187270496598,0.9889038581782581,-0.00018344884495924714,-0.00022151338016551867
62.53418219454693,0.9892327851977003,0.00025483063424085124,7.953006390210567e-6
62.01529551657025,0.9892980953326427,0.0007359407337193011,0.0002906479572706701
61.49121450842987,0.9890772375966376,0.0011314549072897124,0.0005516426199295261
60.96092205501278,0.9886229737809482,0.001327878883070479,0.0007172813643733503
60.42864870241189,0.9880627356962673,0.0012635137178807802,0.0007373044965556306
59.89806184754804,0.9875585322453114,0.0009568899303776058,0.0006059649470420931
59.36846382786174,0.9872511022127312,0.000495589137193551,0.0003610852012141623
58.837214115514804,0.9872260262616472,6.941204680059148e-6,7.007096070112323e-5
58.30095981306621,0.9874956478776703,-0.0003730579953507483,-0.00018675530584096958
57.76593383487541,0.9879832986483427,-0.0005307271048325459,-0.0003330545295105497
57.24022010039983,0.988540230564338,-0.0004259836325564133,-0.00032909574161828334
56.72033333647967,0.9890144321868547,-9.711719537586543e-5,-0.0001819156381697029
56.202818794372284,0.9892818965187213,0.00036419732244657484,6.644160649155368e-5
55.68284381253674,0.989271642650772,0.0008365955475879521,0.00035061295703364215
55.15702929265612,0.9889797956330737,0.001192142861905569,0.0005943779956882846
54.62558814039226,0.9884801929915842,0.0013263379916304907,0.0007274985618313608
54.09361451007491,0.9879159040475037,0.001196242691472638,0.0007093106591039818
53.563314646945464,0.9874486918045785,0.0008400200143603676,0.0005456045018517456
53.03352540998609,0.9872083441465838,0.0003583528557485884,0.0002828279742657242
52.5010455810103,0.9872628549379597,-0.00011633340970193478,-7.088028002302669e-6
51.96414865373088,0.9876027122519729,-0.00044959883384186974,-0.00024275617450268604
51.43160410754091,0.9881265884020967,-0.0005417974489684266,-0.0003538108241710543
50.907883644758456,0.9886788387747115,-0.0003748748055204589,-0.0003129368165975986
50.389035382605115,0.9891115101727812,-2.3295963930124747e-6,-0.00013647299229515723
49.87130289719226,0.9893119225796898,0.00047442916041496143,0.00012686517341086597
49.34997891018037,0.9892249915723014,0.0009299492231239634,0.00040797910288262364
48.82245742300899,0.9888665931422519,0.001238620687577057,0.0006302855473532574
48.2902975044968,0.9883314646316569,0.001307585290818269,0.0007284596920182365
47.75870950065736,0.9877745351638041,0.0011141273964212356,0.0006725727376682647
47.228616964765436,0.9873538990483898,0.0007146639524691916,0.000479404433109322
46.698398686256844,0.9871861325051087,0.00022104847203926933,0.00020309222291718825
46.164607538714534,0.9873204636961037,-0.0002309178432153099,-8.078193728023777e-5
45.62787467069104,0.9877238518766176,-0.000510689804793217,-0.0002909229044320692
45.098068536247126,0.9882731018580191,-0.0005364694701491115,-0.0003653949141430146
44.57598563867477,0.9888103019262523,-0.0003107249624405772,-0.00028877855346315113
44.05791684883868,0.9891931634376949,9.910280146762958e-5,-8.606337441155964e-5
43.53960331595009,0.9893220114877475,0.0005834267151078214,0.00018813679731783525
43.01676214444849,0.9891587295914052,0.0010139863130707667,0.0004616173702506671
42.48758699650635,0.9887397481019848,0.00126964008673151,0.0006585561052707152
41.95515327156463,0.9881798807466247,0.001271755637635128,0.0007200500677885001
41.42394448849449,0.9876415158959777,0.0010184686380627149,0.0006276248033556561
40.89394681379794,0.987276149510839,0.000582850294006184,0.00040834418556614377
40.36307282914562,0.9871851595851336,8.595855898885221e-5,0.00012307149527975432
39.82805486222264,0.9873978288131495,-0.0003347231100707687,-0.00014980433732532123
39.29241185957374,0.9878562397688614,-0.0005555168240938993,-0.00033062993912868376
38.76519368033808,0.988420030729328,-0.0005152543812909,-0.0003679342340889516
38.24448812374383,0.9889320733214534,-0.0002349244845064288,-0.0002572330934547825
37.72684297388757,0.9892577637161653,0.00020533734768050894,-3.1587513428017096e-5
37.2076437084824,0.9893116729838857,0.0006891270484560281,0.0002491760702972177
36.683125609760985,0.9890738028841417,0.00108692252542273,0.000510510568876411
36.15249383542988,0.9886017198039985,0.0012842646662365148,0.0006785252322300364
35.62013837897632,0.9880284753214306,0.0012193026663565038,0.0007023290805062322
35.08923279734024,0.9875194859616313,0.0009107356826377474,0.0005750982478946666
34.55916864406785,0.9872170780382344,0.0004466111014626343,0.0003334153624663426
34.02744195230176,0.9872057199027332,-4.473729599420064e-5,4.3918773551861796e-5
33.49149919681405,0.98749344885809,-0.000425924376267552,-0.00021306456813420679
32.957790977834954,0.9879970380020576,-0.000583731085466805,-0.00036151681853198545
32.432807597936716,0.9885646445309243,-0.00047885761871243536,-0.0003616580232456201
31.913273421645943,0.9890418621156596,-0.00014897623514557474,-0.00021897910789260924
31.39568340548596,0.9893039395824628,0.00031445764482725716,2.6008757569979115e-5
30.875336630026776,0.9892807719337818,0.0007894974804905577,0.000308902493344766
30.349089905634074,0.9889716035281851,0.0011470758165354374,0.0005536618685641295
29.817398800588762,0.9884554146111909,0.0012818879113904293,0.0006896660845447744
29.28530193664175,0.9878803526459713,0.001151004736907569,0.0006755165507429808
28.754644191285823,0.987411009394838,0.0007927131373082561,0.0005157899099601565
28.224333396504026,0.9871780582840454,0.00030822849252377786,0.00025575919842008043
27.691538777580238,0.9872476703614619,-0.00016878694571050815,-3.3141250876586026e-5
27.155281755197002,0.9876051693933248,-0.0005028757781015213,-0.0002695118084039988
26.624021635888667,0.9881433109071317,-0.0005953147389253671,-0.00038339368443884874
26.10089451973286,0.9887041178072935,-0.0004282499949601468,-0.0003469184678171219
25.582305289329618,0.9891375253081595,-5.458386731047088e-5,-0.00017480248319600876
25.064392210819683,0.9893305905315478,0.00042441263857319827,8.569556244613185e-5
24.54266070361464,0.9892295682091351,0.0008824997414924108,0.00036620645040971245
24.014743857299848,0.9888539840305851,0.0011929521718710824,0.0005901388720843241
23.48242322896767,0.9883038659356155,0.0012623126018915247,0.0006916649163244119
22.950672380834977,0.9877385236520789,0.0010679336793601607,0.0006399890531173904
22.420162843645944,0.9873183023871995,0.0006663081147188919,0.00045057708211664656
21.889402568601003,0.9871600353364983,0.00016994762211685938,0.00017651649102278354
21.355455812559768,0.9873103655074884,-0.0002840008007397895,-0.00010688171411452205
20.819680333613352,0.9877304189562421,-0.0005643737589340417,-0.00031830986577792046
20.290983067447428,0.988292217958027,-0.000590533903427216,-0.00039623081188970685
19.76938827635612,0.9888357973174536,-0.0003646013607217381,-0.00032417844411557694
19.2514569896118,0.9892172306921457,4.65020150222243e-5,-0.0001255235972442899
18.732881256744605,0.9893369621427074,0.0005331576650823455,0.00014643215158380998
18.209589188282436,0.9891587259987052,0.0009661920259354765,0.0004200045508530388
17.68003316427039,0.9887230428539225,0.0012233752585679338,0.0006191678237155437
17.147501670023733,0.9881500304982038,0.0012256710066356842,0.0006843917293446778
16.61605194346609,0.9876056582210198,0.0009712778497792917,0.0005962020368965915
16.085581117634202,0.9872431891826393,0.0005333892119484563,0.0003803298675159193
15.554166080510706,0.9871635816934543,3.386547404884685e-5,9.676009663692316e-5
15.019210043740916,0.9873927174210554,-0.00038840990497341894,-0.0001761684438666141
14.484761687342225,0.9878664931181953,-0.0006096860236452555,-0.0003588784150245581
13.95843798001603,0.9884410566026685,-0.0005698470248025027,-0.0004001071146621655
13.438150296605224,0.9889572486779847,-0.0002892179069491536,-0.0002939792097183852
12.920512605820853,0.98927942644977,0.00015252494336685424,-7.197184819792695e-5
12.400981567956118,0.9893226246372336,0.0006387118903368197,0.00020719972151721287
11.876008472982534,0.9890692477318925,0.001038810939215502,0.00046929035272520807
11.345087729287515,0.98858137236636,0.001237386338574268,0.0006400416916449325
10.812644775980086,0.9879970020457236,0.001172401659173813,0.0006678596063761652
10.281432659107745,0.9874844631915456,0.0008625376076676441,0.0005447626155805797
9.750844125210516,0.9871873046675707,0.00039605693043838155,0.0003060496791123169
9.218614588984133,0.9871889028362644,-9.774361082576917e-5,1.7688874404924712e-5
8.683044796865925,0.9874930211629416,-0.0004801177554829294,-0.0002398481250409275
8.150606923946244,0.9880104730289613,-0.0006384261455024669,-0.0003908044632742809
7.626341109609406,0.9885869516515494,-0.0005339584839144513,-0.0003952048712931937
7.107141035529846,0.989066128977835,-0.00020363197558181576,-0.00025697847572286707
6.589427855948739,0.9893227372929766,0.0002614960446257537,-1.5108134599144449e-5
6.068689863220745,0.9892875148487125,0.0007389551696900088,0.0002668747627808747
5.54200741191163,0.9889626601256464,0.0010986176559271929,0.0005130188132295595
5.010124645461191,0.9884319548871262,0.0012343829350558503,0.0006522070381738144
4.477911499884752,0.9878479165879691,0.001103273177988142,0.0006422457707570864
3.9468630764346933,0.9873774634631614,0.0007434757144598942,0.00048642328214949625
3.4159857652506203,0.9871519525602234,0.0002565823292766628,0.0002288496362344973
2.8828738869996298,0.9872357008938519,-0.0002225499096887949,-5.942634263873453e-5
2.3473019392427377,0.9876089823883625,-0.0005575167611779488,-0.0002968724061502653
1.8172670719559219,0.9881593497888782,-0.0006505584267743193,-0.00041385439029708763
1.2947155214916966,0.9887270397974356,-0.00048384898901700154,-0.00038184526451554533
0.7763566577695483,0.9891603078176985,-0.00010956492803240515,-0.00021394153167656951
0.2582201380325224,0.989346115917875,0.00037130143622392383,4.4020455650304795e-5
0.0,0.9893275104684105,0.0006104857468136114,0.0001849731165667722
